Date,AMZN,Date,BP,Date,DIS,Date,NYMT
1/2/2015,308.52,1/2/2015,38.12,1/2/2015,93.75,1/2/2015,7.85
1/5/2015,302.19,1/5/2015,36.1,1/5/2015,92.38,1/5/2015,7.88
1/6/2015,295.29,1/6/2015,35.83,1/6/2015,91.89,1/6/2015,7.87
1/7/2015,298.42,1/7/2015,35.92,1/7/2015,92.83,1/7/2015,7.86
1/8/2015,300.46,1/8/2015,36.73,1/8/2015,93.79,1/8/2015,7.83
1/9/2015,296.93,1/9/2015,36.58,1/9/2015,94.25,1/9/2015,7.84
1/12/2015,291.41,1/12/2015,36.05,1/12/2015,94.46,1/12/2015,7.82
1/13/2015,294.74,1/13/2015,35.96,1/13/2015,95.19,1/13/2015,7.72
1/14/2015,293.27,1/14/2015,35.67,1/14/2015,94.23,1/14/2015,7.71
1/15/2015,286.95,1/15/2015,35.73,1/15/2015,94.35,1/15/2015,7.66
1/16/2015,290.74,1/16/2015,37.86,1/16/2015,95.18,1/16/2015,7.75
1/20/2015,289.44,1/20/2015,37.69,1/20/2015,94.74,1/20/2015,7.73
1/21/2015,297.25,1/21/2015,38.82,1/21/2015,94.17,1/21/2015,7.78
1/22/2015,310.32,1/22/2015,38.98,1/22/2015,95.15,1/22/2015,7.87
1/23/2015,312.39,1/23/2015,38.9,1/23/2015,94.72,1/23/2015,7.81
1/26/2015,309.66,1/26/2015,39.92,1/26/2015,94.97,1/26/2015,7.88
1/27/2015,306.75,1/27/2015,40.21,1/27/2015,93.97,1/27/2015,7.91
1/28/2015,303.91,1/28/2015,38.88,1/28/2015,92.67,1/28/2015,7.86
1/29/2015,311.78,1/29/2015,38.75,1/29/2015,93.22,1/29/2015,7.85
1/30/2015,354.53,1/30/2015,38.83,1/30/2015,90.96,1/30/2015,7.74
2/2/2015,364.47,2/2/2015,39.86,2/2/2015,91.93,2/2/2015,7.58
2/3/2015,363.55,2/3/2015,41.1,2/3/2015,94.1,2/3/2015,7.61
2/4/2015,364.75,2/4/2015,40.45,2/4/2015,101.28,2/4/2015,7.49
2/5/2015,373.89,2/5/2015,41.38,2/5/2015,102.64,2/5/2015,7.61
2/6/2015,374.28,2/6/2015,41.17,2/6/2015,102.02,2/6/2015,7.52
2/9/2015,370.56,2/9/2015,41.61,2/9/2015,101.73,2/9/2015,7.49
2/10/2015,373,2/10/2015,41.25,2/10/2015,101.92,2/10/2015,7.48
2/11/2015,375.14,2/11/2015,40.35,2/11/2015,101.87,2/11/2015,7.6
2/12/2015,377.17,2/12/2015,41.34,2/12/2015,103.58,2/12/2015,7.7
2/13/2015,381.83,2/13/2015,41.93,2/13/2015,104.17,2/13/2015,7.75
2/17/2015,375.43,2/17/2015,41.78,2/17/2015,104.12,2/17/2015,7.78
2/18/2015,373.37,2/18/2015,41.75,2/18/2015,103.86,2/18/2015,7.79
2/19/2015,379,2/19/2015,41.19,2/19/2015,103.89,2/19/2015,7.79
2/20/2015,383.66,2/20/2015,41.28,2/20/2015,104.55,2/20/2015,7.79
2/23/2015,380.14,2/23/2015,41.22,2/23/2015,104.99,2/23/2015,7.84
2/24/2015,378.59,2/24/2015,41.59,2/24/2015,104.67,2/24/2015,7.69
2/25/2015,385.37,2/25/2015,41.91,2/25/2015,105.57,2/25/2015,7.86
2/26/2015,384.8,2/26/2015,41.36,2/26/2015,104.56,2/26/2015,7.87
2/27/2015,380.16,2/27/2015,41.44,2/27/2015,104.08,2/27/2015,7.9
3/2/2015,385.66,3/2/2015,41.3,3/2/2015,105.89,3/2/2015,7.86
3/3/2015,384.61,3/3/2015,41.74,3/3/2015,106.35,3/3/2015,7.85
3/4/2015,382.72,3/4/2015,41.53,3/4/2015,105.57,3/4/2015,7.92
3/5/2015,387.83,3/5/2015,41.18,3/5/2015,105.03,3/5/2015,7.92
3/6/2015,380.09,3/6/2015,40.35,3/6/2015,103.82,3/6/2015,7.8
3/9/2015,378.56,3/9/2015,40.28,3/9/2015,105.26,3/9/2015,7.84
3/10/2015,369.51,3/10/2015,39.04,3/10/2015,103.09,3/10/2015,7.83
3/11/2015,366.37,3/11/2015,38.23,3/11/2015,102.89,3/11/2015,7.8
3/12/2015,374.24,3/12/2015,38.16,3/12/2015,107.17,3/12/2015,7.9
3/13/2015,370.58,3/13/2015,37.6,3/13/2015,106.44,3/13/2015,7.88
3/16/2015,373.35,3/16/2015,37.55,3/16/2015,107.37,3/16/2015,7.9
3/17/2015,371.92,3/17/2015,37.82,3/17/2015,106.96,3/17/2015,7.89
3/18/2015,375.14,3/18/2015,39.35,3/18/2015,107.97,3/18/2015,8.01
3/19/2015,373.24,3/19/2015,38.97,3/19/2015,107.37,3/19/2015,8.01
3/20/2015,378.49,3/20/2015,40.1,3/20/2015,108.43,3/20/2015,8.11
3/23/2015,375.11,3/23/2015,40.14,3/23/2015,108.22,3/23/2015,8.06
3/24/2015,374.09,3/24/2015,39.51,3/24/2015,107.11,3/24/2015,8.03
3/25/2015,370.96,3/25/2015,40.01,3/25/2015,105,3/25/2015,7.98
3/26/2015,367.35,3/26/2015,39.81,3/26/2015,105.24,3/26/2015,7.75
3/27/2015,370.56,3/27/2015,39.61,3/27/2015,105.48,3/27/2015,7.79
3/30/2015,374.59,3/30/2015,39.84,3/30/2015,106.12,3/30/2015,7.81
3/31/2015,372.1,3/31/2015,39.11,3/31/2015,104.89,3/31/2015,7.76
4/1/2015,370.26,4/1/2015,39.5,4/1/2015,105.44,4/1/2015,7.74
4/2/2015,372.25,4/2/2015,39.65,4/2/2015,106,4/2/2015,7.77
4/6/2015,377.04,4/6/2015,40.13,4/6/2015,105.63,4/6/2015,7.83
4/7/2015,374.41,4/7/2015,40.25,4/7/2015,105.43,4/7/2015,7.8
4/8/2015,381.2,4/8/2015,40.77,4/8/2015,106.36,4/8/2015,7.8
4/9/2015,383.54,4/9/2015,41.35,4/9/2015,106.77,4/9/2015,7.75
4/10/2015,382.65,4/10/2015,41.54,4/10/2015,106.95,4/10/2015,7.79
4/13/2015,382.36,4/13/2015,41.23,4/13/2015,106.51,4/13/2015,7.79
4/14/2015,385.11,4/14/2015,41.8,4/14/2015,106.66,4/14/2015,7.82
4/15/2015,383.45,4/15/2015,42.42,4/15/2015,106.98,4/15/2015,7.86
4/16/2015,386.04,4/16/2015,42.55,4/16/2015,108.1,4/16/2015,7.88
4/17/2015,375.56,4/17/2015,42.89,4/17/2015,106.69,4/17/2015,7.86
4/20/2015,389.51,4/20/2015,42.82,4/20/2015,108.22,4/20/2015,7.88
4/21/2015,391.18,4/21/2015,42.78,4/21/2015,107.68,4/21/2015,7.82
4/22/2015,389.8,4/22/2015,43.24,4/22/2015,107.94,4/22/2015,7.87
4/23/2015,389.99,4/23/2015,43.6,4/23/2015,109,4/23/2015,7.85
4/24/2015,445.1,4/24/2015,43.46,4/24/2015,109.53,4/24/2015,7.89
4/27/2015,438.56,4/27/2015,43.04,4/27/2015,110.16,4/27/2015,7.95
4/28/2015,429.31,4/28/2015,43.48,4/28/2015,109.92,4/28/2015,7.93
4/29/2015,429.37,4/29/2015,43.59,4/29/2015,109.81,4/29/2015,7.87
4/30/2015,421.78,4/30/2015,43.16,4/30/2015,108.72,4/30/2015,7.81
5/1/2015,422.87,5/1/2015,43.23,5/1/2015,110.52,5/1/2015,7.86
5/4/2015,423.04,5/4/2015,43.41,5/4/2015,111.03,5/4/2015,7.89
5/5/2015,421.19,5/5/2015,43.1,5/5/2015,110.81,5/5/2015,7.84
5/6/2015,419.1,5/6/2015,42.5,5/6/2015,109.72,5/6/2015,7.64
5/7/2015,426.88,5/7/2015,41.83,5/7/2015,109.26,5/7/2015,7.7
5/8/2015,433.69,5/8/2015,42.71,5/8/2015,110.11,5/8/2015,7.77
5/11/2015,432.85,5/11/2015,42.58,5/11/2015,108.6,5/11/2015,7.78
5/12/2015,431.02,5/12/2015,42.69,5/12/2015,109.24,5/12/2015,7.82
5/13/2015,426.87,5/13/2015,42.77,5/13/2015,109.19,5/13/2015,7.83
5/14/2015,432.28,5/14/2015,42.96,5/14/2015,109.93,5/14/2015,7.86
5/15/2015,426,5/15/2015,42.81,5/15/2015,110.3,5/15/2015,7.91
5/18/2015,425.24,5/18/2015,42.39,5/18/2015,110.33,5/18/2015,7.94
5/19/2015,421.71,5/19/2015,41.83,5/19/2015,110.56,5/19/2015,7.94
5/20/2015,423.86,5/20/2015,42.08,5/20/2015,110.2,5/20/2015,7.96
5/21/2015,431.63,5/21/2015,42.9,5/21/2015,110.39,5/21/2015,7.94
5/22/2015,427.63,5/22/2015,42.5,5/22/2015,110.26,5/22/2015,7.91
5/26/2015,425.47,5/26/2015,41.63,5/26/2015,109.44,5/26/2015,7.85
5/27/2015,431.42,5/27/2015,41.79,5/27/2015,110.37,5/27/2015,7.93
5/28/2015,426.57,5/28/2015,41.55,5/28/2015,110.53,5/28/2015,7.94
5/29/2015,429.23,5/29/2015,41.46,5/29/2015,110.37,5/29/2015,7.92
6/1/2015,430.92,6/1/2015,40.95,6/1/2015,110.96,6/1/2015,7.93
6/2/2015,430.99,6/2/2015,41.5,6/2/2015,110.75,6/2/2015,7.91
6/3/2015,436.59,6/3/2015,41.23,6/3/2015,111.17,6/3/2015,7.87
6/4/2015,430.78,6/4/2015,40.62,6/4/2015,110.3,6/4/2015,7.87
6/5/2015,426.95,6/5/2015,40.56,6/5/2015,110.3,6/5/2015,7.78
6/8/2015,423.5,6/8/2015,40.53,6/8/2015,109.29,6/8/2015,7.68
6/9/2015,425.48,6/9/2015,40.55,6/9/2015,108.52,6/9/2015,7.66
6/10/2015,430.77,6/10/2015,41.28,6/10/2015,110,6/10/2015,7.7
6/11/2015,432.97,6/11/2015,41.42,6/11/2015,110.62,6/11/2015,7.78
6/12/2015,429.92,6/12/2015,40.8,6/12/2015,109.95,6/12/2015,7.75
6/15/2015,423.67,6/15/2015,40.92,6/15/2015,110.18,6/15/2015,7.77
6/16/2015,427.26,6/16/2015,40.91,6/16/2015,111.06,6/16/2015,7.82
6/17/2015,427.81,6/17/2015,41.21,6/17/2015,111.49,6/17/2015,7.83
6/18/2015,439.39,6/18/2015,41.26,6/18/2015,113.22,6/18/2015,7.87
6/19/2015,434.92,6/19/2015,41.15,6/19/2015,112.62,6/19/2015,8.04
6/22/2015,436.29,6/22/2015,41.52,6/22/2015,113.53,6/22/2015,7.99
6/23/2015,445.99,6/23/2015,41.54,6/23/2015,114.41,6/23/2015,8.03
6/24/2015,440.84,6/24/2015,41.83,6/24/2015,113.77,6/24/2015,7.98
6/25/2015,440.1,6/25/2015,41.89,6/25/2015,114.45,6/25/2015,7.71
6/26/2015,438.1,6/26/2015,41.35,6/26/2015,114.99,6/26/2015,7.68
6/29/2015,429.86,6/29/2015,40.31,6/29/2015,113.05,6/29/2015,7.5
6/30/2015,434.09,6/30/2015,39.96,6/30/2015,114.14,6/30/2015,7.48
7/1/2015,437.39,7/1/2015,39.27,7/1/2015,115.13,7/1/2015,7.63
7/2/2015,437.71,7/2/2015,41.29,7/2/2015,114.97,7/2/2015,7.54
7/6/2015,436.04,7/6/2015,39.91,7/6/2015,115.7,7/6/2015,7.7
7/7/2015,436.72,7/7/2015,39.71,7/7/2015,117.1,7/7/2015,7.78
7/8/2015,429.7,7/8/2015,39.15,7/8/2015,115.19,7/8/2015,7.71
7/9/2015,434.39,7/9/2015,39.13,7/9/2015,115.6,7/9/2015,7.66
7/10/2015,443.51,7/10/2015,39.9,7/10/2015,116.44,7/10/2015,7.74
7/13/2015,455.57,7/13/2015,39.96,7/13/2015,118.05,7/13/2015,7.8
7/14/2015,465.57,7/14/2015,40.33,7/14/2015,117.85,7/14/2015,7.8
7/15/2015,461.19,7/15/2015,40.04,7/15/2015,118.3,7/15/2015,7.7
7/16/2015,475.48,7/16/2015,39.54,7/16/2015,119.07,7/16/2015,7.7
7/17/2015,483.01,7/17/2015,39.12,7/17/2015,118.86,7/17/2015,7.69
7/20/2015,488.1,7/20/2015,38.75,7/20/2015,119.58,7/20/2015,7.66
7/21/2015,488,7/21/2015,38.73,7/21/2015,119.31,7/21/2015,7.66
7/22/2015,488.27,7/22/2015,37.91,7/22/2015,119.33,7/22/2015,7.65
7/23/2015,482.18,7/23/2015,37.3,7/23/2015,118.8,7/23/2015,7.53
7/24/2015,529.42,7/24/2015,36.57,7/24/2015,118.91,7/24/2015,7.54
7/27/2015,531.41,7/27/2015,36.05,7/27/2015,118.25,7/27/2015,7.43
7/28/2015,526.03,7/28/2015,37.29,7/28/2015,118.46,7/28/2015,7.57
7/29/2015,529,7/29/2015,37.39,7/29/2015,119.84,7/29/2015,7.58
7/30/2015,536.76,7/30/2015,37.68,7/30/2015,120.03,7/30/2015,7.58
7/31/2015,536.15,7/31/2015,36.97,7/31/2015,120,7/31/2015,7.48
8/3/2015,535.03,8/3/2015,36.48,8/3/2015,121.12,8/3/2015,7.52
8/4/2015,531.9,8/4/2015,36.54,8/4/2015,121.69,8/4/2015,7.5
8/5/2015,537.01,8/5/2015,35.87,8/5/2015,110.53,8/5/2015,7.16
8/6/2015,529.46,8/6/2015,35.88,8/6/2015,108.55,8/6/2015,7.1
8/7/2015,522.62,8/7/2015,35.68,8/7/2015,109.35,8/7/2015,7.07
8/10/2015,524,8/10/2015,36.28,8/10/2015,111,8/10/2015,6.57
8/11/2015,527.46,8/11/2015,36.05,8/11/2015,108,8/11/2015,6.63
8/12/2015,525.91,8/12/2015,36.44,8/12/2015,106.99,8/12/2015,6.58
8/13/2015,529.66,8/13/2015,35.92,8/13/2015,107.52,8/13/2015,6.56
8/14/2015,531.52,8/14/2015,35.77,8/14/2015,107.16,8/14/2015,6.63
8/17/2015,535.22,8/17/2015,35.53,8/17/2015,109.05,8/17/2015,6.7
8/18/2015,535.02,8/18/2015,35.25,8/18/2015,106.94,8/18/2015,6.66
8/19/2015,532.92,8/19/2015,34.66,8/19/2015,106.45,8/19/2015,6.67
8/20/2015,515.78,8/20/2015,34.38,8/20/2015,100.02,8/20/2015,6.79
8/21/2015,494.47,8/21/2015,33.17,8/21/2015,98.84,8/21/2015,6.62
8/24/2015,463.37,8/24/2015,31.19,8/24/2015,95.36,8/24/2015,6.37
8/25/2015,466.37,8/25/2015,30.71,8/25/2015,95.89,8/25/2015,6.4
8/26/2015,500.77,8/26/2015,31.1,8/26/2015,99.23,8/26/2015,6.52
8/27/2015,518.37,8/27/2015,33.03,8/27/2015,102.17,8/27/2015,6.6
8/28/2015,518.01,8/28/2015,33.26,8/28/2015,102.48,8/28/2015,6.58
8/31/2015,512.89,8/31/2015,33.54,8/31/2015,101.88,8/31/2015,6.54
9/1/2015,496.54,9/1/2015,32.14,9/1/2015,99.51,9/1/2015,6.43
9/2/2015,510.55,9/2/2015,32.2,9/2/2015,101.89,9/2/2015,6.44
9/3/2015,504.72,9/3/2015,32.41,9/3/2015,101.99,9/3/2015,6.45
9/4/2015,499,9/4/2015,30.7,9/4/2015,100.97,9/4/2015,6.38
9/8/2015,517.54,9/8/2015,31.41,9/8/2015,104.01,9/8/2015,6.46
9/9/2015,516.89,9/9/2015,30.9,9/9/2015,101.91,9/9/2015,6.41
9/10/2015,522.24,9/10/2015,31.21,9/10/2015,102.6,9/10/2015,6.38
9/11/2015,529.44,9/11/2015,31.01,9/11/2015,104.48,9/11/2015,6.5
9/14/2015,521.38,9/14/2015,30.68,9/14/2015,103.82,9/14/2015,6.56
9/15/2015,522.37,9/15/2015,31.11,9/15/2015,103.43,9/15/2015,6.56
9/16/2015,527.39,9/16/2015,32.13,9/16/2015,103.96,9/16/2015,6.56
9/17/2015,538.87,9/17/2015,32.11,9/17/2015,104.2,9/17/2015,6.66
9/18/2015,540.26,9/18/2015,31.09,9/18/2015,102.84,9/18/2015,6.68
9/21/2015,548.39,9/21/2015,31.06,9/21/2015,103.41,9/21/2015,6.54
9/22/2015,538.4,9/22/2015,30.39,9/22/2015,102.49,9/22/2015,6.61
9/23/2015,536.07,9/23/2015,29.92,9/23/2015,101.57,9/23/2015,6.67
9/24/2015,533.75,9/24/2015,30.16,9/24/2015,100.62,9/24/2015,6.34
9/25/2015,524.25,9/25/2015,30.43,9/25/2015,100.3,9/25/2015,6.27
9/28/2015,504.06,9/28/2015,29.38,9/28/2015,98.49,9/28/2015,5.86
9/29/2015,496.07,9/29/2015,29.63,9/29/2015,99.42,9/29/2015,5.5
9/30/2015,511.89,9/30/2015,30.56,9/30/2015,102.2,9/30/2015,5.49
10/1/2015,520.72,10/1/2015,30.96,10/1/2015,102.67,10/1/2015,5.43
10/2/2015,532.54,10/2/2015,32.52,10/2/2015,103,10/2/2015,5.43
10/5/2015,543.68,10/5/2015,33.49,10/5/2015,103.85,10/5/2015,5.68
10/6/2015,537.48,10/6/2015,34.31,10/6/2015,103.77,10/6/2015,5.7
10/7/2015,541.94,10/7/2015,35.71,10/7/2015,103.39,10/7/2015,5.79
10/8/2015,533.16,10/8/2015,35.96,10/8/2015,104.61,10/8/2015,5.87
10/9/2015,539.8,10/9/2015,35.96,10/9/2015,105.56,10/9/2015,5.86
10/12/2015,550.19,10/12/2015,35.37,10/12/2015,106.35,10/12/2015,5.82
10/13/2015,548.9,10/13/2015,34.73,10/13/2015,106.59,10/13/2015,5.65
10/14/2015,544.83,10/14/2015,35.32,10/14/2015,105.73,10/14/2015,5.58
10/15/2015,562.44,10/15/2015,35.68,10/15/2015,107.89,10/15/2015,5.68
10/16/2015,570.76,10/16/2015,35.86,10/16/2015,108.24,10/16/2015,5.68
10/19/2015,573.15,10/19/2015,34.94,10/19/2015,109.47,10/19/2015,5.71
10/20/2015,560.88,10/20/2015,34.97,10/20/2015,109.84,10/20/2015,5.83
10/21/2015,555.77,10/21/2015,35.14,10/21/2015,110.09,10/21/2015,5.89
10/22/2015,563.91,10/22/2015,35.92,10/22/2015,113.25,10/22/2015,5.89
10/23/2015,599.03,10/23/2015,35.72,10/23/2015,113.09,10/23/2015,5.93
10/26/2015,608.61,10/26/2015,35.05,10/26/2015,113.52,10/26/2015,6.01
10/27/2015,611.01,10/27/2015,34.82,10/27/2015,113.77,10/27/2015,5.78
10/28/2015,617.1,10/28/2015,35.74,10/28/2015,114.34,10/28/2015,5.86
10/29/2015,626.55,10/29/2015,35.71,10/29/2015,115.04,10/29/2015,5.78
10/30/2015,625.9,10/30/2015,35.7,10/30/2015,113.74,10/30/2015,5.68
11/2/2015,628.35,11/2/2015,36.28,11/2/2015,115.04,11/2/2015,5.81
11/3/2015,625.31,11/3/2015,37.23,11/3/2015,115.54,11/3/2015,5.9
11/4/2015,640.95,11/4/2015,36.36,11/4/2015,113.25,11/4/2015,5.65
11/5/2015,655.65,11/5/2015,35.55,11/5/2015,113,11/5/2015,5.62
11/6/2015,659.37,11/6/2015,35.13,11/6/2015,115.67,11/6/2015,5.59
11/9/2015,655.49,11/9/2015,34.88,11/9/2015,116.42,11/9/2015,5.48
11/10/2015,659.68,11/10/2015,34.77,11/10/2015,117.42,11/10/2015,5.61
11/11/2015,673.25,11/11/2015,34.39,11/11/2015,116.52,11/11/2015,5.6
11/12/2015,665.6,11/12/2015,33.5,11/12/2015,116.21,11/12/2015,5.52
11/13/2015,642.35,11/13/2015,33.38,11/13/2015,114.84,11/13/2015,5.52
11/16/2015,647.81,11/16/2015,34.48,11/16/2015,115.92,11/16/2015,5.59
11/17/2015,643.3,11/17/2015,34.18,11/17/2015,116.13,11/17/2015,5.56
11/18/2015,663.54,11/18/2015,35.1,11/18/2015,118.14,11/18/2015,5.67
11/19/2015,661.27,11/19/2015,35.25,11/19/2015,118.71,11/19/2015,5.75
11/20/2015,668.45,11/20/2015,34.43,11/20/2015,120.07,11/20/2015,5.78
11/23/2015,678.99,11/23/2015,34.42,11/23/2015,119.42,11/23/2015,5.79
11/24/2015,671.15,11/24/2015,34.99,11/24/2015,117.95,11/24/2015,5.9
11/25/2015,675.34,11/25/2015,34.99,11/25/2015,118.67,11/25/2015,5.82
11/27/2015,673.26,11/27/2015,34.83,11/27/2015,115.13,11/27/2015,5.91
11/30/2015,664.8,11/30/2015,34.6,11/30/2015,113.47,11/30/2015,5.8
12/1/2015,679.06,12/1/2015,34.77,12/1/2015,115.39,12/1/2015,5.78
12/2/2015,676.01,12/2/2015,33.82,12/2/2015,114,12/2/2015,5.64
12/3/2015,666.25,12/3/2015,33.26,12/3/2015,111.89,12/3/2015,5.6
12/4/2015,672.64,12/4/2015,32.67,12/4/2015,114.24,12/4/2015,5.59
12/7/2015,669.83,12/7/2015,31.26,12/7/2015,113.83,12/7/2015,5.55
12/8/2015,677.33,12/8/2015,31.27,12/8/2015,112.48,12/8/2015,5.45
12/9/2015,664.79,12/9/2015,31.81,12/9/2015,111.47,12/9/2015,5.45
12/10/2015,662.32,12/10/2015,31.8,12/10/2015,110.76,12/10/2015,5.46
12/11/2015,640.15,12/11/2015,30.79,12/11/2015,108.04,12/11/2015,5.36
12/14/2015,657.91,12/14/2015,30.22,12/14/2015,109.35,12/14/2015,4.99
12/15/2015,658.64,12/15/2015,30.75,12/15/2015,112.16,12/15/2015,5.13
12/16/2015,675.77,12/16/2015,30.87,12/16/2015,113.79,12/16/2015,5.29
12/17/2015,670.65,12/17/2015,30.35,12/17/2015,112.01,12/17/2015,5.49
12/18/2015,664.14,12/18/2015,30.15,12/18/2015,107.72,12/18/2015,5.67
12/21/2015,664.51,12/21/2015,30.13,12/21/2015,106.59,12/21/2015,5.81
12/22/2015,663.15,12/22/2015,30.79,12/22/2015,106.74,12/22/2015,5.85
12/23/2015,663.7,12/23/2015,32.35,12/23/2015,105.56,12/23/2015,5.64
12/24/2015,662.79,12/24/2015,32.12,12/24/2015,105.86,12/24/2015,5.62
12/28/2015,675.2,12/28/2015,31.71,12/28/2015,107.25,12/28/2015,5.55
12/29/2015,693.97,12/29/2015,31.87,12/29/2015,107.08,12/29/2015,5.53
12/30/2015,689.07,12/30/2015,31.31,12/30/2015,106.34,12/30/2015,5.47
12/31/2015,675.89,12/31/2015,31.26,12/31/2015,105.08,12/31/2015,5.33
1/4/2016,636.99,1/4/2016,31.06,1/4/2016,102.98,1/4/2016,5.35
1/5/2016,633.79,1/5/2016,30.93,1/5/2016,100.9,1/5/2016,5.48
1/6/2016,632.65,1/6/2016,30.3,1/6/2016,100.36,1/6/2016,5.51
1/7/2016,607.94,1/7/2016,29.43,1/7/2016,99.5,1/7/2016,5.31
1/8/2016,607.05,1/8/2016,28.91,1/8/2016,99.25,1/8/2016,5.27
1/11/2016,617.74,1/11/2016,28.84,1/11/2016,99.92,1/11/2016,5.21
1/12/2016,617.89,1/12/2016,28.65,1/12/2016,101.46,1/12/2016,5.14
1/13/2016,581.81,1/13/2016,28.77,1/13/2016,98.48,1/13/2016,4.87
1/14/2016,593,1/14/2016,30.83,1/14/2016,99.11,1/14/2016,4.87
1/15/2016,570.18,1/15/2016,29.16,1/15/2016,93.9,1/15/2016,4.64
1/19/2016,574.48,1/19/2016,28.92,1/19/2016,93.97,1/19/2016,4.3
1/20/2016,571.77,1/20/2016,28.46,1/20/2016,92.54,1/20/2016,4.31
1/21/2016,575.02,1/21/2016,29.46,1/21/2016,94.02,1/21/2016,4.34
1/22/2016,596.38,1/22/2016,30.35,1/22/2016,96.9,1/22/2016,4.59
1/25/2016,596.53,1/25/2016,29.47,1/25/2016,95.29,1/25/2016,4.43
1/26/2016,601.25,1/26/2016,30.74,1/26/2016,96.27,1/26/2016,4.67
1/27/2016,583.35,1/27/2016,30.68,1/27/2016,94.32,1/27/2016,4.58
1/28/2016,635.35,1/28/2016,31.89,1/28/2016,93.53,1/28/2016,4.63
1/29/2016,587,1/29/2016,32.37,1/29/2016,95.82,1/29/2016,4.84
2/1/2016,574.81,2/1/2016,31.7,2/1/2016,95.15,2/1/2016,4.77
2/2/2016,552.1,2/2/2016,29.02,2/2/2016,93.12,2/2/2016,4.71
2/3/2016,531.07,2/3/2016,29.66,2/3/2016,95.14,2/3/2016,4.81
2/4/2016,536.26,2/4/2016,30.61,2/4/2016,95.43,2/4/2016,4.86
2/5/2016,502.13,2/5/2016,30.46,2/5/2016,93.9,2/5/2016,4.8
2/8/2016,488.1,2/8/2016,29.92,2/8/2016,92.12,2/8/2016,4.76
2/9/2016,482.07,2/9/2016,28.95,2/9/2016,92.32,2/9/2016,4.61
2/10/2016,490.48,2/10/2016,28.04,2/10/2016,88.85,2/10/2016,4.59
2/11/2016,503.82,2/11/2016,27.64,2/11/2016,90.31,2/11/2016,4.47
2/12/2016,507.08,2/12/2016,29.02,2/12/2016,91.15,2/12/2016,4.61
2/16/2016,521.1,2/16/2016,29.06,2/16/2016,92.91,2/16/2016,4.78
2/17/2016,534.1,2/17/2016,29.95,2/17/2016,95.5,2/17/2016,4.85
2/18/2016,525,2/18/2016,29.78,2/18/2016,95.17,2/18/2016,4.88
2/19/2016,534.9,2/19/2016,29.75,2/19/2016,95.01,2/19/2016,4.87
2/22/2016,559.5,2/22/2016,30.3,2/22/2016,96.37,2/22/2016,4.97
2/23/2016,552.94,2/23/2016,29,2/23/2016,95.38,2/23/2016,5.08
2/24/2016,554.04,2/24/2016,28.54,2/24/2016,95.43,2/24/2016,4.06
2/25/2016,555.15,2/25/2016,28.66,2/25/2016,95.65,2/25/2016,4.16
2/26/2016,555.23,2/26/2016,29,2/26/2016,95.31,2/26/2016,3.98
2/29/2016,552.52,2/29/2016,29.09,2/29/2016,95.52,2/29/2016,4.18
3/1/2016,579.04,3/1/2016,29.63,3/1/2016,97.65,3/1/2016,4.21
3/2/2016,580.21,3/2/2016,30.21,3/2/2016,97,3/2/2016,4.26
3/3/2016,577.49,3/3/2016,30.87,3/3/2016,98.82,3/3/2016,4.45
3/4/2016,575.14,3/4/2016,31.15,3/4/2016,98.48,3/4/2016,4.54
3/7/2016,562.8,3/7/2016,31.5,3/7/2016,99.39,3/7/2016,4.66
3/8/2016,560.26,3/8/2016,30.07,3/8/2016,97.82,3/8/2016,4.49
3/9/2016,559.47,3/9/2016,30.3,3/9/2016,97.66,3/9/2016,4.48
3/10/2016,558.93,3/10/2016,29.83,3/10/2016,97.04,3/10/2016,4.39
3/11/2016,569.61,3/11/2016,30.55,3/11/2016,97.94,3/11/2016,4.47
3/14/2016,573.37,3/14/2016,29.95,3/14/2016,98.81,3/14/2016,4.52
3/15/2016,577.02,3/15/2016,29.64,3/15/2016,98.24,3/15/2016,4.44
3/16/2016,574.27,3/16/2016,30.51,3/16/2016,98.44,3/16/2016,4.49
3/17/2016,559.44,3/17/2016,31.54,3/17/2016,99.6,3/17/2016,4.75
3/18/2016,552.08,3/18/2016,31.33,3/18/2016,99.2,3/18/2016,4.67
3/21/2016,553.98,3/21/2016,31.12,3/21/2016,98.46,3/21/2016,5.03
3/22/2016,560.48,3/22/2016,30.94,3/22/2016,97.58,3/22/2016,5.01
3/23/2016,569.63,3/23/2016,30.2,3/23/2016,96.83,3/23/2016,4.58
3/24/2016,582.95,3/24/2016,30.42,3/24/2016,97.22,3/24/2016,4.5
3/28/2016,579.87,3/28/2016,30.42,3/28/2016,98.09,3/28/2016,4.57
3/29/2016,593.86,3/29/2016,30.35,3/29/2016,98.16,3/29/2016,4.7
3/30/2016,598.69,3/30/2016,30.93,3/30/2016,98.91,3/30/2016,4.71
3/31/2016,593.64,3/31/2016,30.18,3/31/2016,99.31,3/31/2016,4.74
4/1/2016,598.5,4/1/2016,29.57,4/1/2016,99.07,4/1/2016,4.71
4/4/2016,593.19,4/4/2016,29.58,4/4/2016,98.68,4/4/2016,4.65
4/5/2016,586.14,4/5/2016,28.93,4/5/2016,97,4/5/2016,4.67
4/6/2016,602.08,4/6/2016,29.3,4/6/2016,97.48,4/6/2016,4.68
4/7/2016,591.43,4/7/2016,29.13,4/7/2016,96.16,4/7/2016,4.65
4/8/2016,594.6,4/8/2016,30.15,4/8/2016,96.42,4/8/2016,4.64
4/11/2016,595.93,4/11/2016,30.31,4/11/2016,96.27,4/11/2016,4.76
4/12/2016,603.17,4/12/2016,31.2,4/12/2016,97.35,4/12/2016,4.85
4/13/2016,614.82,4/13/2016,31.38,4/13/2016,99.48,4/13/2016,4.92
4/14/2016,620.75,4/14/2016,30.92,4/14/2016,98.63,4/14/2016,4.91
4/15/2016,625.89,4/15/2016,30.65,4/15/2016,98.59,4/15/2016,4.91
4/18/2016,635.35,4/18/2016,31.06,4/18/2016,101.48,4/18/2016,4.92
4/19/2016,627.9,4/19/2016,31.76,4/19/2016,102.64,4/19/2016,4.97
4/20/2016,632.99,4/20/2016,31.86,4/20/2016,103.27,4/20/2016,5.04
4/21/2016,631,4/21/2016,31.74,4/21/2016,102.91,4/21/2016,5.01
4/22/2016,620.5,4/22/2016,32.15,4/22/2016,103.77,4/22/2016,5.06
4/25/2016,626.2,4/25/2016,31.79,4/25/2016,104.57,4/25/2016,5.06
4/26/2016,616.88,4/26/2016,33.49,4/26/2016,104.89,4/26/2016,5.2
4/27/2016,606.57,4/27/2016,33.84,4/27/2016,105.28,4/27/2016,5.2
4/28/2016,602,4/28/2016,33.49,4/28/2016,104.03,4/28/2016,5.17
4/29/2016,659.59,4/29/2016,33.58,4/29/2016,103.26,4/29/2016,5.2
5/2/2016,683.85,5/2/2016,33.62,5/2/2016,104.36,5/2/2016,5.14
5/3/2016,671.32,5/3/2016,32.56,5/3/2016,103.78,5/3/2016,5.07
5/4/2016,670.9,5/4/2016,31.42,5/4/2016,103.67,5/4/2016,5.22
5/5/2016,659.09,5/5/2016,31.58,5/5/2016,104.93,5/5/2016,5.36
5/6/2016,673.95,5/6/2016,31.58,5/6/2016,105.54,5/6/2016,5.52
5/9/2016,679.75,5/9/2016,31.08,5/9/2016,105.34,5/9/2016,5.7
5/10/2016,703.07,5/10/2016,31.68,5/10/2016,106.6,5/10/2016,5.71
5/11/2016,713.23,5/11/2016,31.67,5/11/2016,102.29,5/11/2016,5.71
5/12/2016,717.93,5/12/2016,31.86,5/12/2016,101.71,5/12/2016,5.69
5/13/2016,709.92,5/13/2016,31.47,5/13/2016,100.52,5/13/2016,5.67
5/16/2016,710.66,5/16/2016,32.06,5/16/2016,100.36,5/16/2016,5.69
5/17/2016,695.27,5/17/2016,32.22,5/17/2016,99.94,5/17/2016,5.64
5/18/2016,697.45,5/18/2016,32.13,5/18/2016,99,5/18/2016,5.56
5/19/2016,698.52,5/19/2016,31.98,5/19/2016,98.41,5/19/2016,5.6
5/20/2016,702.8,5/20/2016,31.93,5/20/2016,99.78,5/20/2016,5.58
5/23/2016,696.75,5/23/2016,31.46,5/23/2016,99.18,5/23/2016,5.65
5/24/2016,704.2,5/24/2016,31.84,5/24/2016,99.51,5/24/2016,5.72
5/25/2016,708.35,5/25/2016,32.86,5/25/2016,99.86,5/25/2016,5.75
5/26/2016,714.91,5/26/2016,32.6,5/26/2016,99.81,5/26/2016,5.77
5/27/2016,712.24,5/27/2016,32.36,5/27/2016,100.29,5/27/2016,5.81
5/31/2016,722.79,5/31/2016,31.4,5/31/2016,99.22,5/31/2016,5.95
6/1/2016,719.44,6/1/2016,31.34,6/1/2016,98.52,6/1/2016,5.99
6/2/2016,728.24,6/2/2016,31.52,6/2/2016,98.72,6/2/2016,6.11
6/3/2016,725.54,6/3/2016,31.88,6/3/2016,98.75,6/3/2016,6.09
6/6/2016,726.73,6/6/2016,32.53,6/6/2016,98.78,6/6/2016,6.1
6/7/2016,723.74,6/7/2016,33.07,6/7/2016,98.35,6/7/2016,6.14
6/8/2016,726.64,6/8/2016,33.27,6/8/2016,98.04,6/8/2016,6.29
6/9/2016,727.65,6/9/2016,33.04,6/9/2016,97.84,6/9/2016,6.34
6/10/2016,717.91,6/10/2016,32.22,6/10/2016,97.34,6/10/2016,6.33
6/13/2016,715.24,6/13/2016,31.86,6/13/2016,97.57,6/13/2016,6.27
6/14/2016,719.3,6/14/2016,30.93,6/14/2016,98.4,6/14/2016,6.26
6/15/2016,714.26,6/15/2016,31.15,6/15/2016,98.27,6/15/2016,6.34
6/16/2016,717.51,6/16/2016,32.03,6/16/2016,98.38,6/16/2016,6.39
6/17/2016,706.39,6/17/2016,32.75,6/17/2016,99,6/17/2016,6.54
6/20/2016,714.01,6/20/2016,33.42,6/20/2016,99.57,6/20/2016,6.62
6/21/2016,715.82,6/21/2016,34.15,6/21/2016,98.82,6/21/2016,6.61
6/22/2016,710.6,6/22/2016,33.89,6/22/2016,98.79,6/22/2016,6.29
6/23/2016,722.08,6/23/2016,34.63,6/23/2016,99.02,6/23/2016,5.99
6/24/2016,698.96,6/24/2016,32.98,6/24/2016,95.72,6/24/2016,5.96
6/27/2016,691.36,6/27/2016,31.99,6/27/2016,94.38,6/27/2016,5.81
6/28/2016,707.95,6/28/2016,33.24,6/28/2016,96.05,6/28/2016,5.98
6/29/2016,715.6,6/29/2016,34.79,6/29/2016,96.98,6/29/2016,6.1
6/30/2016,715.62,6/30/2016,35.51,6/30/2016,97.82,6/30/2016,6.1
7/1/2016,725.68,7/1/2016,36,7/1/2016,98.03,7/1/2016,6.1
7/5/2016,728.1,7/5/2016,35.9,7/5/2016,97.66,7/5/2016,6
7/6/2016,737.61,7/6/2016,35.57,7/6/2016,98.45,7/6/2016,6.11
7/7/2016,736.57,7/7/2016,35.4,7/7/2016,98.41,7/7/2016,6.03
7/8/2016,745.81,7/8/2016,35.92,7/8/2016,99.62,7/8/2016,6.07
7/11/2016,753.78,7/11/2016,36.11,7/11/2016,99.98,7/11/2016,6.16
7/12/2016,748.21,7/12/2016,36.91,7/12/2016,100.2,7/12/2016,6.23
7/13/2016,742.63,7/13/2016,36.56,7/13/2016,99.88,7/13/2016,6.24
7/14/2016,741.2,7/14/2016,36.56,7/14/2016,99.97,7/14/2016,6.22
7/15/2016,735.44,7/15/2016,36.56,7/15/2016,99.8,7/15/2016,6.24
7/18/2016,736.07,7/18/2016,36.17,7/18/2016,100.15,7/18/2016,6.28
7/19/2016,739.95,7/19/2016,36.03,7/19/2016,99.47,7/19/2016,6.3
7/20/2016,745.72,7/20/2016,35.96,7/20/2016,98.22,7/20/2016,6.41
7/21/2016,744.43,7/21/2016,35.84,7/21/2016,98.01,7/21/2016,6.37
7/22/2016,744.86,7/22/2016,35.87,7/22/2016,97.71,7/22/2016,6.41
7/25/2016,739.61,7/25/2016,34.9,7/25/2016,97.39,7/25/2016,6.44
7/26/2016,735.59,7/26/2016,34.59,7/26/2016,96.69,7/26/2016,6.46
7/27/2016,736.67,7/27/2016,34.57,7/27/2016,96.33,7/27/2016,6.52
7/28/2016,752.61,7/28/2016,33.99,7/28/2016,95.91,7/28/2016,6.52
7/29/2016,758.81,7/29/2016,34.4,7/29/2016,95.95,7/29/2016,6.54
8/1/2016,767.74,8/1/2016,33.18,8/1/2016,95.54,8/1/2016,6.55
8/2/2016,760.58,8/2/2016,33.45,8/2/2016,95.01,8/2/2016,6.48
8/3/2016,754.64,8/3/2016,33.01,8/3/2016,96.09,8/3/2016,6.12
8/4/2016,760.77,8/4/2016,33,8/4/2016,95.16,8/4/2016,6.13
8/5/2016,765.98,8/5/2016,33.15,8/5/2016,95.83,8/5/2016,6.34
8/8/2016,766.56,8/8/2016,33.17,8/8/2016,95.75,8/8/2016,6.34
8/9/2016,768.31,8/9/2016,33.38,8/9/2016,96.67,8/9/2016,6.4
8/10/2016,768.56,8/10/2016,33.01,8/10/2016,97.86,8/10/2016,6.38
8/11/2016,771.24,8/11/2016,33.64,8/11/2016,97.77,8/11/2016,6.38
8/12/2016,772.56,8/12/2016,33.74,8/12/2016,96.84,8/12/2016,6.4
8/15/2016,768.49,8/15/2016,33.87,8/15/2016,97.1,8/15/2016,6.4
8/16/2016,764.04,8/16/2016,34.21,8/16/2016,96.88,8/16/2016,6.34
8/17/2016,764.63,8/17/2016,34.2,8/17/2016,96.87,8/17/2016,6.24
8/18/2016,764.46,8/18/2016,34.65,8/18/2016,96.65,8/18/2016,6.03
8/19/2016,757.31,8/19/2016,34.33,8/19/2016,96.39,8/19/2016,5.98
8/22/2016,759.48,8/22/2016,33.96,8/22/2016,95.87,8/22/2016,6.01
8/23/2016,762.45,8/23/2016,34.13,8/23/2016,95.97,8/23/2016,6.12
8/24/2016,757.25,8/24/2016,34.27,8/24/2016,95.82,8/24/2016,6.03
8/25/2016,759.22,8/25/2016,34.22,8/25/2016,95.55,8/25/2016,6.03
8/26/2016,769,8/26/2016,34.16,8/26/2016,95.21,8/26/2016,5.96
8/29/2016,771.29,8/29/2016,34.24,8/29/2016,94.87,8/29/2016,6
8/30/2016,767.58,8/30/2016,34.1,8/30/2016,94.86,8/30/2016,5.99
8/31/2016,769.16,8/31/2016,33.86,8/31/2016,94.46,8/31/2016,6.04
9/1/2016,770.62,9/1/2016,33.66,9/1/2016,94.26,9/1/2016,5.98
9/2/2016,772.44,9/2/2016,34.5,9/2/2016,94.42,9/2/2016,6.05
9/6/2016,788.87,9/6/2016,34.69,9/6/2016,93.8,9/6/2016,6.07
9/7/2016,784.48,9/7/2016,34.76,9/7/2016,93.71,9/7/2016,6.17
9/8/2016,784.06,9/8/2016,35.08,9/8/2016,94.09,9/8/2016,6.2
9/9/2016,760.14,9/9/2016,34.35,9/9/2016,92.42,9/9/2016,5.9
9/12/2016,771.49,9/12/2016,34.63,9/12/2016,93.64,9/12/2016,5.98
9/13/2016,761.01,9/13/2016,33.5,9/13/2016,92.7,9/13/2016,5.87
9/14/2016,761.09,9/14/2016,33.32,9/14/2016,92.26,9/14/2016,5.88
9/15/2016,769.69,9/15/2016,33.61,9/15/2016,92.5,9/15/2016,5.96
9/16/2016,778.52,9/16/2016,33.31,9/16/2016,92.56,9/16/2016,5.92
9/19/2016,775.1,9/19/2016,33.44,9/19/2016,92.63,9/19/2016,6.12
9/20/2016,780.22,9/20/2016,33.07,9/20/2016,92.95,9/20/2016,6.13
9/21/2016,789.74,9/21/2016,33.61,9/21/2016,92.39,9/21/2016,6.19
9/22/2016,804.7,9/22/2016,34.26,9/22/2016,93.41,9/22/2016,6.15
9/23/2016,805.75,9/23/2016,33.96,9/23/2016,93.27,9/23/2016,6.04
9/26/2016,799.16,9/26/2016,33.68,9/26/2016,91.96,9/26/2016,5.96
9/27/2016,816.11,9/27/2016,33.61,9/27/2016,91.72,9/27/2016,5.96
9/28/2016,828.72,9/28/2016,34.84,9/28/2016,92.2,9/28/2016,6
9/29/2016,829.05,9/29/2016,35.06,9/29/2016,91.8,9/29/2016,6.01
9/30/2016,837.31,9/30/2016,35.16,9/30/2016,92.86,9/30/2016,6.02
10/3/2016,836.74,10/3/2016,35.47,10/3/2016,92.49,10/3/2016,5.96
10/4/2016,834.03,10/4/2016,35.68,10/4/2016,92.59,10/4/2016,5.84
10/5/2016,844.36,10/5/2016,36.03,10/5/2016,92.45,10/5/2016,5.8
10/6/2016,841.66,10/6/2016,35.95,10/6/2016,92.83,10/6/2016,5.7
10/7/2016,839.43,10/7/2016,36.17,10/7/2016,92.49,10/7/2016,5.71
10/10/2016,841.71,10/10/2016,36.67,10/10/2016,92.49,10/10/2016,5.8
10/11/2016,831,10/11/2016,35.78,10/11/2016,91.86,10/11/2016,5.78
10/12/2016,834.09,10/12/2016,35.79,10/12/2016,91.41,10/12/2016,5.87
10/13/2016,829.28,10/13/2016,35.68,10/13/2016,91.12,10/13/2016,5.9
10/14/2016,822.96,10/14/2016,35.84,10/14/2016,91.3,10/14/2016,5.88
10/17/2016,812.95,10/17/2016,35.5,10/17/2016,90.83,10/17/2016,5.83
10/18/2016,817.65,10/18/2016,35.98,10/18/2016,91.17,10/18/2016,5.87
10/19/2016,817.69,10/19/2016,36.05,10/19/2016,91.93,10/19/2016,5.99
10/20/2016,810.32,10/20/2016,36.05,10/20/2016,92.03,10/20/2016,6
10/21/2016,818.99,10/21/2016,36.25,10/21/2016,93.03,10/21/2016,6.03
10/24/2016,838.09,10/24/2016,35.87,10/24/2016,93.37,10/24/2016,6.05
10/25/2016,835.18,10/25/2016,36.04,10/25/2016,92.75,10/25/2016,6.03
10/26/2016,822.59,10/26/2016,35.85,10/26/2016,93.49,10/26/2016,5.96
10/27/2016,818.36,10/27/2016,36,10/27/2016,94.02,10/27/2016,5.89
10/28/2016,776.32,10/28/2016,35.68,10/28/2016,93.85,10/28/2016,5.89
10/31/2016,789.82,10/31/2016,35.55,10/31/2016,92.69,10/31/2016,5.91
11/1/2016,785.41,11/1/2016,34.11,11/1/2016,92.39,11/1/2016,5.77
11/2/2016,765.56,11/2/2016,34.01,11/2/2016,91.91,11/2/2016,5.91
11/3/2016,767.03,11/3/2016,33.84,11/3/2016,93.37,11/3/2016,5.94
11/4/2016,755.05,11/4/2016,33.54,11/4/2016,92.45,11/4/2016,6.01
11/7/2016,784.93,11/7/2016,34.02,11/7/2016,94.43,11/7/2016,6.09
11/8/2016,787.75,11/8/2016,33.48,11/8/2016,94.38,11/8/2016,6.22
11/9/2016,771.88,11/9/2016,33.84,11/9/2016,94.64,11/9/2016,6.29
11/10/2016,742.38,11/10/2016,33.94,11/10/2016,94.96,11/10/2016,6.23
11/11/2016,739.01,11/11/2016,33.18,11/11/2016,97.68,11/11/2016,6.3
11/14/2016,719.07,11/14/2016,32.98,11/14/2016,97.92,11/14/2016,6.39
11/15/2016,743.24,11/15/2016,33.61,11/15/2016,97.7,11/15/2016,6.5
11/16/2016,746.49,11/16/2016,33.3,11/16/2016,99.12,11/16/2016,6.49
11/17/2016,756.4,11/17/2016,33.5,11/17/2016,99.37,11/17/2016,6.48
11/18/2016,760.16,11/18/2016,33.64,11/18/2016,98.24,11/18/2016,6.57
11/21/2016,780,11/21/2016,34.4,11/21/2016,97.63,11/21/2016,6.61
11/22/2016,785.33,11/22/2016,34.54,11/22/2016,97.71,11/22/2016,6.66
11/23/2016,780.12,11/23/2016,34.4,11/23/2016,98.26,11/23/2016,6.64
11/25/2016,780.37,11/25/2016,34.27,11/25/2016,98.82,11/25/2016,6.65
11/28/2016,766.77,11/28/2016,33.72,11/28/2016,98.97,11/28/2016,6.65
11/29/2016,762.52,11/29/2016,33.52,11/29/2016,99.67,11/29/2016,6.69
11/30/2016,750.57,11/30/2016,35.01,11/30/2016,99.12,11/30/2016,6.68
12/1/2016,743.65,12/1/2016,35.39,12/1/2016,98.94,12/1/2016,6.53
12/2/2016,740.34,12/2/2016,35.48,12/2/2016,98.5,12/2/2016,6.51
12/5/2016,759.36,12/5/2016,35.48,12/5/2016,99.96,12/5/2016,6.72
12/6/2016,764.72,12/6/2016,35.57,12/6/2016,100.66,12/6/2016,6.81
12/7/2016,770.42,12/7/2016,35.89,12/7/2016,101.99,12/7/2016,6.88
12/8/2016,767.33,12/8/2016,36.19,12/8/2016,103.38,12/8/2016,6.91
12/9/2016,768.66,12/9/2016,36.01,12/9/2016,104.86,12/9/2016,6.95
12/12/2016,760.12,12/12/2016,36.51,12/12/2016,104.06,12/12/2016,6.9
12/13/2016,774.34,12/13/2016,36.79,12/13/2016,103.85,12/13/2016,6.74
12/14/2016,768.82,12/14/2016,36.02,12/14/2016,104.05,12/14/2016,6.72
12/15/2016,761,12/15/2016,35.85,12/15/2016,104.39,12/15/2016,6.51
12/16/2016,757.77,12/16/2016,36.59,12/16/2016,103.91,12/16/2016,6.76
12/19/2016,766,12/19/2016,36.56,12/19/2016,105.3,12/19/2016,6.92
12/20/2016,771.22,12/20/2016,36.52,12/20/2016,105.46,12/20/2016,6.94
12/21/2016,770.6,12/21/2016,36.78,12/21/2016,105.56,12/21/2016,6.88
12/22/2016,766.34,12/22/2016,36.91,12/22/2016,105.42,12/22/2016,6.61
12/23/2016,760.59,12/23/2016,37.02,12/23/2016,105.15,12/23/2016,6.65
12/27/2016,771.4,12/27/2016,37.11,12/27/2016,105.17,12/27/2016,6.59
12/28/2016,772.13,12/28/2016,37.25,12/28/2016,104.3,12/28/2016,6.57
12/29/2016,765.15,12/29/2016,37.4,12/29/2016,104.56,12/29/2016,6.7
12/30/2016,749.87,12/30/2016,37.38,12/30/2016,104.22,12/30/2016,6.6
1/3/2017,753.67,1/3/2017,38,1/3/2017,106.08,1/3/2017,6.63
1/4/2017,757.18,1/4/2017,38.29,1/4/2017,107.44,1/4/2017,6.68
1/5/2017,780.45,1/5/2017,38.57,1/5/2017,107.38,1/5/2017,6.64
1/6/2017,795.99,1/6/2017,37.91,1/6/2017,108.98,1/6/2017,6.66
1/9/2017,796.92,1/9/2017,37.31,1/9/2017,108.36,1/9/2017,6.6
1/10/2017,795.9,1/10/2017,37.11,1/10/2017,108.38,1/10/2017,6.79
1/11/2017,799.02,1/11/2017,37.55,1/11/2017,109.44,1/11/2017,6.82
1/12/2017,813.64,1/12/2017,37.76,1/12/2017,107.53,1/12/2017,6.77
1/13/2017,817.14,1/13/2017,37.66,1/13/2017,108.06,1/13/2017,6.8
1/17/2017,809.72,1/17/2017,37.44,1/17/2017,107.97,1/17/2017,6.37
1/18/2017,807.48,1/18/2017,37.1,1/18/2017,108.16,1/18/2017,6.3
1/19/2017,809.04,1/19/2017,36.9,1/19/2017,107.28,1/19/2017,6.27
1/20/2017,808.33,1/20/2017,36.84,1/20/2017,107.66,1/20/2017,6.29
1/23/2017,817.88,1/23/2017,36.62,1/23/2017,107.12,1/23/2017,6.39
1/24/2017,822.44,1/24/2017,36.91,1/24/2017,107.9,1/24/2017,6.53
1/25/2017,836.52,1/25/2017,37.03,1/25/2017,108.04,1/25/2017,6.62
1/26/2017,839.15,1/26/2017,36.74,1/26/2017,108.06,1/26/2017,6.57
1/27/2017,835.77,1/27/2017,36.58,1/27/2017,109.3,1/27/2017,6.58
1/30/2017,830.38,1/30/2017,35.96,1/30/2017,110.94,1/30/2017,6.51
1/31/2017,823.48,1/31/2017,35.98,1/31/2017,110.65,1/31/2017,6.41
2/1/2017,832.35,2/1/2017,35.99,2/1/2017,111.3,2/1/2017,6.44
2/2/2017,839.95,2/2/2017,35.79,2/2/2017,110.61,2/2/2017,6.46
2/3/2017,810.2,2/3/2017,35.92,2/3/2017,110.3,2/3/2017,6.48
2/6/2017,807.64,2/6/2017,35.82,2/6/2017,109.57,2/6/2017,6.51
2/7/2017,812.5,2/7/2017,34.38,2/7/2017,109,2/7/2017,6.54
2/8/2017,819.71,2/8/2017,34.43,2/8/2017,109,2/8/2017,6.54
2/9/2017,821.36,2/9/2017,34.44,2/9/2017,109.49,2/9/2017,6.59
2/10/2017,827.46,2/10/2017,34.53,2/10/2017,109.26,2/10/2017,6.61
2/13/2017,836.53,2/13/2017,34.66,2/13/2017,109.65,2/13/2017,6.66
2/14/2017,836.39,2/14/2017,34.58,2/14/2017,110.33,2/14/2017,6.58
2/15/2017,842.7,2/15/2017,33.8,2/15/2017,110.18,2/15/2017,6.67
2/16/2017,844.14,2/16/2017,33.68,2/16/2017,110.71,2/16/2017,6.66
2/17/2017,845.07,2/17/2017,33.42,2/17/2017,110.06,2/17/2017,6.52
2/21/2017,856.44,2/21/2017,33.83,2/21/2017,110.01,2/21/2017,6.55
2/22/2017,855.61,2/22/2017,33.41,2/22/2017,110.12,2/22/2017,6.3
2/23/2017,852.19,2/23/2017,33.86,2/23/2017,109.73,2/23/2017,6.46
2/24/2017,845.24,2/24/2017,33.5,2/24/2017,110.32,2/24/2017,6.44
2/27/2017,848.64,2/27/2017,33.98,2/27/2017,110.23,2/27/2017,6.37
2/28/2017,845.04,2/28/2017,33.92,2/28/2017,110.09,2/28/2017,6.33
3/1/2017,853.08,3/1/2017,34.23,3/1/2017,111.04,3/1/2017,6.4
3/2/2017,848.91,3/2/2017,34.12,3/2/2017,110.59,3/2/2017,6.45
3/3/2017,849.88,3/3/2017,34.09,3/3/2017,111.24,3/3/2017,6.45
3/6/2017,846.61,3/6/2017,33.97,3/6/2017,110.67,3/6/2017,6.37
3/7/2017,846.02,3/7/2017,33.87,3/7/2017,110.86,3/7/2017,6.31
3/8/2017,850.5,3/8/2017,33.31,3/8/2017,110.84,3/8/2017,6.14
3/9/2017,853,3/9/2017,33.5,3/9/2017,111.03,3/9/2017,6.13
3/10/2017,852.46,3/10/2017,34.33,3/10/2017,110.92,3/10/2017,6.25
3/13/2017,854.59,3/13/2017,34.07,3/13/2017,111.52,3/13/2017,6.29
3/14/2017,852.53,3/14/2017,33.43,3/14/2017,112.31,3/14/2017,6.26
3/15/2017,852.97,3/15/2017,33.78,3/15/2017,111.87,3/15/2017,6.44
3/16/2017,853.42,3/16/2017,34.02,3/16/2017,111.71,3/16/2017,6.44
3/17/2017,852.31,3/17/2017,34.28,3/17/2017,111.76,3/17/2017,6.37
3/20/2017,856.97,3/20/2017,34.19,3/20/2017,112.71,3/20/2017,6.49
3/21/2017,843.2,3/21/2017,34.24,3/21/2017,111.75,3/21/2017,6.43
3/22/2017,848.06,3/22/2017,33.99,3/22/2017,112.08,3/22/2017,6.54
3/23/2017,847.38,3/23/2017,34.06,3/23/2017,112.24,3/23/2017,6.23
3/24/2017,845.61,3/24/2017,33.78,3/24/2017,112.14,3/24/2017,6.12
3/27/2017,846.82,3/27/2017,33.75,3/27/2017,112.38,3/27/2017,6.11
3/28/2017,856,3/28/2017,33.92,3/28/2017,113.05,3/28/2017,6.1
3/29/2017,874.32,3/29/2017,34.43,3/29/2017,112.53,3/29/2017,6.2
3/30/2017,876.34,3/30/2017,34.52,3/30/2017,113.18,3/30/2017,6.19
3/31/2017,886.54,3/31/2017,34.52,3/31/2017,113.39,3/31/2017,6.17
4/3/2017,891.51,4/3/2017,34.4,4/3/2017,113.2,4/3/2017,6.15
4/4/2017,906.83,4/4/2017,34.79,4/4/2017,113.04,4/4/2017,6.18
4/5/2017,909.28,4/5/2017,34.59,4/5/2017,113,4/5/2017,6.07
4/6/2017,898.28,4/6/2017,34.73,4/6/2017,113.05,4/6/2017,6.17
4/7/2017,894.88,4/7/2017,34.85,4/7/2017,112.58,4/7/2017,6.15
4/10/2017,907.04,4/10/2017,35.09,4/10/2017,112.43,4/10/2017,6.19
4/11/2017,902.36,4/11/2017,35.37,4/11/2017,113.07,4/11/2017,6.3
4/12/2017,896.23,4/12/2017,35.45,4/12/2017,113.04,4/12/2017,6.22
4/13/2017,884.67,4/13/2017,34.99,4/13/2017,113.2,4/13/2017,6.21
4/17/2017,901.99,4/17/2017,35.03,4/17/2017,113.78,4/17/2017,6.31
4/18/2017,903.78,4/18/2017,34.67,4/18/2017,114.19,4/18/2017,6.31
4/19/2017,899.2,4/19/2017,34.14,4/19/2017,113.73,4/19/2017,6.27
4/20/2017,902.06,4/20/2017,34.15,4/20/2017,114.79,4/20/2017,6.29
4/21/2017,898.53,4/21/2017,34,4/21/2017,114.44,4/21/2017,6.35
4/24/2017,907.41,4/24/2017,34.45,4/24/2017,113.7,4/24/2017,6.39
4/25/2017,907.62,4/25/2017,34.66,4/25/2017,115.18,4/25/2017,6.46
4/26/2017,909.29,4/26/2017,34.66,4/26/2017,115.58,4/26/2017,6.54
4/27/2017,918.38,4/27/2017,34.4,4/27/2017,115.84,4/27/2017,6.55
4/28/2017,924.99,4/28/2017,34.32,4/28/2017,115.6,4/28/2017,6.41
5/1/2017,948.23,5/1/2017,34.32,5/1/2017,114.73,5/1/2017,6.5
5/2/2017,946.94,5/2/2017,34.75,5/2/2017,114.37,5/2/2017,6.36
5/3/2017,941.03,5/3/2017,34.69,5/3/2017,111.62,5/3/2017,6.28
5/4/2017,937.53,5/4/2017,34.32,5/4/2017,111.17,5/4/2017,6.13
5/5/2017,934.15,5/5/2017,35.3,5/5/2017,111.99,5/5/2017,6.28
5/8/2017,949.04,5/8/2017,35.43,5/8/2017,111.42,5/8/2017,6.24
5/9/2017,952.82,5/9/2017,35.35,5/9/2017,112.07,5/9/2017,6.14
5/10/2017,948.95,5/10/2017,35.01,5/10/2017,109.66,5/10/2017,6.16
5/11/2017,947.62,5/11/2017,35.21,5/11/2017,109.58,5/11/2017,6.11
5/12/2017,961.35,5/12/2017,35.39,5/12/2017,109.69,5/12/2017,6.1
5/15/2017,957.97,5/15/2017,35.71,5/15/2017,109.13,5/15/2017,6.12
5/16/2017,966.07,5/16/2017,36.24,5/16/2017,107.98,5/16/2017,6.12
5/17/2017,944.76,5/17/2017,36.17,5/17/2017,106.31,5/17/2017,6.08
5/18/2017,958.49,5/18/2017,36.51,5/18/2017,106.68,5/18/2017,6.07
5/19/2017,959.84,5/19/2017,36.94,5/19/2017,107.52,5/19/2017,6.11
5/22/2017,970.67,5/22/2017,36.96,5/22/2017,107.63,5/22/2017,6.15
5/23/2017,971.54,5/23/2017,36.93,5/23/2017,107.02,5/23/2017,6.21
5/24/2017,980.35,5/24/2017,36.9,5/24/2017,107.71,5/24/2017,6.21
5/25/2017,993.38,5/25/2017,36.4,5/25/2017,107.27,5/25/2017,6.23
5/26/2017,995.78,5/26/2017,36.41,5/26/2017,108.41,5/26/2017,6.26
5/30/2017,996.7,5/30/2017,36.27,5/30/2017,108.34,5/30/2017,6.22
5/31/2017,994.62,5/31/2017,36.15,5/31/2017,107.94,5/31/2017,6.22
6/1/2017,995.95,6/1/2017,36.24,6/1/2017,108.21,6/1/2017,6.32
6/2/2017,1006.73,6/2/2017,35.91,6/2/2017,107.18,6/2/2017,6.36
6/5/2017,1011.34,6/5/2017,36.08,6/5/2017,106.52,6/5/2017,6.27
6/6/2017,1003,6/6/2017,36.24,6/6/2017,105.5,6/6/2017,6.27
6/7/2017,1010.07,6/7/2017,35.42,6/7/2017,105.92,6/7/2017,6.24
6/8/2017,1010.27,6/8/2017,35.41,6/8/2017,104.32,6/8/2017,6.39
6/9/2017,978.31,6/9/2017,35.83,6/9/2017,105.62,6/9/2017,6.43
6/12/2017,964.91,6/12/2017,35.81,6/12/2017,107.04,6/12/2017,6.46
6/13/2017,980.79,6/13/2017,36.03,6/13/2017,106.56,6/13/2017,6.45
6/14/2017,976.47,6/14/2017,35.37,6/14/2017,106.14,6/14/2017,6.48
6/15/2017,964.17,6/15/2017,35.24,6/15/2017,105.98,6/15/2017,6.52
6/16/2017,987.71,6/16/2017,36,6/16/2017,105.51,6/16/2017,6.59
6/19/2017,995.17,6/19/2017,36.04,6/19/2017,105.37,6/19/2017,6.62
6/20/2017,992.59,6/20/2017,34.98,6/20/2017,103.94,6/20/2017,6.59
6/21/2017,1002.23,6/21/2017,34.65,6/21/2017,104.8,6/21/2017,6.5
6/22/2017,1001.3,6/22/2017,34.6,6/22/2017,104.22,6/22/2017,6.35
6/23/2017,1003.74,6/23/2017,34.84,6/23/2017,104.36,6/23/2017,6.41
6/26/2017,993.98,6/26/2017,34.88,6/26/2017,105.57,6/26/2017,6.41
6/27/2017,976.78,6/27/2017,35.15,6/27/2017,105.41,6/27/2017,6.27
6/28/2017,990.33,6/28/2017,35.27,6/28/2017,106.86,6/28/2017,6.27
6/29/2017,975.93,6/29/2017,34.86,6/29/2017,105.71,6/29/2017,6.25
6/30/2017,968,6/30/2017,34.65,6/30/2017,106.25,6/30/2017,6.22
7/3/2017,953.66,7/3/2017,35.02,7/3/2017,107.46,7/3/2017,6.28
7/5/2017,971.4,7/5/2017,34.42,7/5/2017,105.63,7/5/2017,6.3
7/6/2017,965.14,7/6/2017,34.44,7/6/2017,103.35,7/6/2017,6.25
7/7/2017,978.76,7/7/2017,34.36,7/7/2017,103.32,7/7/2017,6.2
7/10/2017,996.47,7/10/2017,34.33,7/10/2017,103.59,7/10/2017,6.21
7/11/2017,994.13,7/11/2017,34.36,7/11/2017,103.84,7/11/2017,6.25
7/12/2017,1006.51,7/12/2017,34.87,7/12/2017,104.38,7/12/2017,6.28
7/13/2017,1000.63,7/13/2017,34.72,7/13/2017,104.29,7/13/2017,6.2
7/14/2017,1001.81,7/14/2017,34.95,7/14/2017,105.09,7/14/2017,6.24
7/17/2017,1010.04,7/17/2017,34.92,7/17/2017,104.79,7/17/2017,6.21
7/18/2017,1024.45,7/18/2017,34.83,7/18/2017,105.75,7/18/2017,6.22
7/19/2017,1026.87,7/19/2017,35.03,7/19/2017,106.82,7/19/2017,6.26
7/20/2017,1028.7,7/20/2017,35.1,7/20/2017,107.36,7/20/2017,6.34
7/21/2017,1025.67,7/21/2017,34.68,7/21/2017,107.09,7/21/2017,6.34
7/24/2017,1038.95,7/24/2017,34.46,7/24/2017,107,7/24/2017,6.3
7/25/2017,1039.87,7/25/2017,34.9,7/25/2017,106.42,7/25/2017,6.24
7/26/2017,1052.8,7/26/2017,34.84,7/26/2017,106.94,7/26/2017,6.27
7/27/2017,1046,7/27/2017,34.99,7/27/2017,110,7/27/2017,6.3
7/28/2017,1020.04,7/28/2017,35.16,7/28/2017,109.96,7/28/2017,6.28
7/31/2017,987.78,7/31/2017,35.14,7/31/2017,109.93,7/31/2017,6.32
8/1/2017,996.19,8/1/2017,36.27,8/1/2017,110.61,8/1/2017,6.3
8/2/2017,995.89,8/2/2017,36.4,8/2/2017,108.67,8/2/2017,6.29
8/3/2017,986.92,8/3/2017,36.14,8/3/2017,109.12,8/3/2017,6.28
8/4/2017,987.58,8/4/2017,36.33,8/4/2017,107.69,8/4/2017,6.11
8/7/2017,992.27,8/7/2017,36.75,8/7/2017,106.35,8/7/2017,6.1
8/8/2017,989.84,8/8/2017,36.54,8/8/2017,106.98,8/8/2017,6.17
8/9/2017,982.01,8/9/2017,36.16,8/9/2017,102.83,8/9/2017,6.19
8/10/2017,956.92,8/10/2017,35.47,8/10/2017,101.35,8/10/2017,6.18
8/11/2017,967.99,8/11/2017,34.94,8/11/2017,101.99,8/11/2017,6.19
8/14/2017,983.3,8/14/2017,34.68,8/14/2017,101.4,8/14/2017,6.26
8/15/2017,982.74,8/15/2017,34.57,8/15/2017,101.51,8/15/2017,6.21
8/16/2017,978.18,8/16/2017,34.29,8/16/2017,102.2,8/16/2017,6.21
8/17/2017,960.57,8/17/2017,34.1,8/17/2017,101.38,8/17/2017,6.21
8/18/2017,958.47,8/18/2017,34.16,8/18/2017,100.7,8/18/2017,6.25
8/21/2017,953.29,8/21/2017,34,8/21/2017,101.17,8/21/2017,6.24
8/22/2017,966.9,8/22/2017,34.15,8/22/2017,102.77,8/22/2017,6.33
8/23/2017,958,8/23/2017,34.24,8/23/2017,101.5,8/23/2017,6.26
8/24/2017,952.45,8/24/2017,34.18,8/24/2017,101.52,8/24/2017,6.25
8/25/2017,945.26,8/25/2017,34.54,8/25/2017,102.41,8/25/2017,6.25
8/28/2017,946.02,8/28/2017,34.47,8/28/2017,102.56,8/28/2017,6.28
8/29/2017,954.06,8/29/2017,34.37,8/29/2017,102.57,8/29/2017,6.2
8/30/2017,967.59,8/30/2017,34.37,8/30/2017,102.87,8/30/2017,6.22
8/31/2017,980.6,8/31/2017,34.73,8/31/2017,101.2,8/31/2017,6.26
9/1/2017,978.25,9/1/2017,34.77,9/1/2017,101.5,9/1/2017,6.32
9/5/2017,965.27,9/5/2017,34.95,9/5/2017,101.6,9/5/2017,6.23
9/6/2017,967.8,9/6/2017,35.32,9/6/2017,101.5,9/6/2017,6.24
9/7/2017,979.47,9/7/2017,35.5,9/7/2017,97.06,9/7/2017,6.19
9/8/2017,965.9,9/8/2017,35.32,9/8/2017,97.07,9/8/2017,6.18
9/11/2017,977.96,9/11/2017,35.56,9/11/2017,97.09,9/11/2017,6.25
9/12/2017,982.58,9/12/2017,35.75,9/12/2017,97.89,9/12/2017,6.27
9/13/2017,999.6,9/13/2017,35.99,9/13/2017,98.82,9/13/2017,6.22
9/14/2017,992.21,9/14/2017,36.33,9/14/2017,97.9,9/14/2017,6.29
9/15/2017,986.79,9/15/2017,36.58,9/15/2017,98.52,9/15/2017,6.38
9/18/2017,974.19,9/18/2017,36.65,9/18/2017,98.1,9/18/2017,6.4
9/19/2017,969.86,9/19/2017,36.95,9/19/2017,98.43,9/19/2017,6.41
9/20/2017,973.21,9/20/2017,37.23,9/20/2017,99.21,9/20/2017,6.34
9/21/2017,964.65,9/21/2017,37.7,9/21/2017,98.89,9/21/2017,6.38
9/22/2017,955.1,9/22/2017,37.82,9/22/2017,98.6,9/22/2017,6.2
9/25/2017,939.79,9/25/2017,38.24,9/25/2017,99.57,9/25/2017,6.21
9/26/2017,938.6,9/26/2017,37.87,9/26/2017,98.63,9/26/2017,6.16
9/27/2017,950.87,9/27/2017,38.02,9/27/2017,99.24,9/27/2017,6.17
9/28/2017,956.4,9/28/2017,38.42,9/28/2017,98.05,9/28/2017,6.18
9/29/2017,961.35,9/29/2017,38.43,9/29/2017,98.57,9/29/2017,6.15
10/2/2017,959.19,10/2/2017,38.39,10/2/2017,99.86,10/2/2017,6.21
10/3/2017,957.1,10/3/2017,38.7,10/3/2017,100.79,10/3/2017,6.28
10/4/2017,965.45,10/4/2017,38.65,10/4/2017,100.55,10/4/2017,6.28
10/5/2017,980.85,10/5/2017,38.61,10/5/2017,100.11,10/5/2017,6.32
10/6/2017,989.58,10/6/2017,38.26,10/6/2017,100.07,10/6/2017,6.24
10/9/2017,990.99,10/9/2017,38.46,10/9/2017,99.57,10/9/2017,6.21
10/10/2017,987.2,10/10/2017,38.81,10/10/2017,99.58,10/10/2017,6.22
10/11/2017,995,10/11/2017,38.85,10/11/2017,98.55,10/11/2017,6.23
10/12/2017,1000.93,10/12/2017,39.01,10/12/2017,96.93,10/12/2017,6.25
10/13/2017,1002.94,10/13/2017,39.1,10/13/2017,97.38,10/13/2017,6.28
10/16/2017,1006.34,10/16/2017,39.19,10/16/2017,98.13,10/16/2017,6.29
10/17/2017,1009.13,10/17/2017,38.69,10/17/2017,98.36,10/17/2017,6.27
10/18/2017,997,10/18/2017,38.72,10/18/2017,98.25,10/18/2017,6.29
10/19/2017,986.61,10/19/2017,38.75,10/19/2017,99.01,10/19/2017,6.27
10/20/2017,982.91,10/20/2017,38.75,10/20/2017,99.4,10/20/2017,6.25
10/23/2017,966.3,10/23/2017,38.79,10/23/2017,98.7,10/23/2017,6.22
10/24/2017,975.9,10/24/2017,39,10/24/2017,98.29,10/24/2017,6.2
10/25/2017,972.91,10/25/2017,38.79,10/25/2017,97.8,10/25/2017,6.16
10/26/2017,972.43,10/26/2017,38.65,10/26/2017,98.56,10/26/2017,6.07
10/27/2017,1100.95,10/27/2017,39.1,10/27/2017,98.31,10/27/2017,6.13
10/30/2017,1110.85,10/30/2017,39.62,10/30/2017,98.04,10/30/2017,6.03
10/31/2017,1105.28,10/31/2017,40.67,10/31/2017,97.81,10/31/2017,6.03
11/1/2017,1103.68,11/1/2017,40.76,11/1/2017,99.03,11/1/2017,6.05
11/2/2017,1094.22,11/2/2017,40.67,11/2/2017,98.35,11/2/2017,5.92
11/3/2017,1111.6,11/3/2017,40.56,11/3/2017,98.64,11/3/2017,6.28
11/6/2017,1120.66,11/6/2017,41.41,11/6/2017,100.64,11/6/2017,6.23
11/7/2017,1123.17,11/7/2017,41.48,11/7/2017,101.61,11/7/2017,6.27
11/8/2017,1132.88,11/8/2017,41.4,11/8/2017,101.18,11/8/2017,6.31
11/9/2017,1129.13,11/9/2017,40.72,11/9/2017,102.68,11/9/2017,6.28
11/10/2017,1125.35,11/10/2017,40.3,11/10/2017,104.78,11/10/2017,6.2
11/13/2017,1129.17,11/13/2017,39.88,11/13/2017,104.74,11/13/2017,6.25
11/14/2017,1136.84,11/14/2017,39.61,11/14/2017,103.17,11/14/2017,6.3
11/15/2017,1126.69,11/15/2017,39.09,11/15/2017,103.69,11/15/2017,6.28
11/16/2017,1137.29,11/16/2017,38.77,11/16/2017,103.6,11/16/2017,6.31
11/17/2017,1129.88,11/17/2017,39.09,11/17/2017,103.44,11/17/2017,6.33
11/20/2017,1126.31,11/20/2017,39,11/20/2017,102.75,11/20/2017,6.4
11/21/2017,1139.49,11/21/2017,39.13,11/21/2017,103,11/21/2017,6.49
11/22/2017,1156.16,11/22/2017,39.78,11/22/2017,102.74,11/22/2017,6.48
11/24/2017,1186,11/24/2017,40.05,11/24/2017,102.64,11/24/2017,6.47
11/27/2017,1195.83,11/27/2017,39.51,11/27/2017,102.79,11/27/2017,6.4
11/28/2017,1193.6,11/28/2017,39.9,11/28/2017,103.41,11/28/2017,6.39
11/29/2017,1161.27,11/29/2017,39.71,11/29/2017,105.24,11/29/2017,6.44
11/30/2017,1176.75,11/30/2017,40.07,11/30/2017,104.82,11/30/2017,6.4
12/1/2017,1162.35,12/1/2017,39.95,12/1/2017,105.25,12/1/2017,6.39
12/4/2017,1133.95,12/4/2017,39.91,12/4/2017,110.22,12/4/2017,6.42
12/5/2017,1141.57,12/5/2017,39.73,12/5/2017,107.22,12/5/2017,6.41
12/6/2017,1152.35,12/6/2017,39.58,12/6/2017,105.46,12/6/2017,6.41
12/7/2017,1159.79,12/7/2017,39.31,12/7/2017,105.26,12/7/2017,6.42
12/8/2017,1162,12/8/2017,39.64,12/8/2017,104.23,12/8/2017,6.4
12/11/2017,1168.92,12/11/2017,39.93,12/11/2017,106.83,12/11/2017,6.36
12/12/2017,1165.08,12/12/2017,40.66,12/12/2017,107.43,12/12/2017,6.37
12/13/2017,1164.13,12/13/2017,40.65,12/13/2017,107.61,12/13/2017,6.46
12/14/2017,1174.26,12/14/2017,40.63,12/14/2017,110.57,12/14/2017,6.41
12/15/2017,1179.14,12/15/2017,40.28,12/15/2017,111.27,12/15/2017,6.31
12/18/2017,1190.58,12/18/2017,40.84,12/18/2017,111.03,12/18/2017,6.3
12/19/2017,1187.38,12/19/2017,40.64,12/19/2017,111.81,12/19/2017,6.15
12/20/2017,1177.62,12/20/2017,40.95,12/20/2017,109.69,12/20/2017,6.19
12/21/2017,1174.76,12/21/2017,41.68,12/21/2017,109.57,12/21/2017,6.23
12/22/2017,1168.36,12/22/2017,41.29,12/22/2017,108.67,12/22/2017,6.23
12/26/2017,1176.76,12/26/2017,41.69,12/26/2017,108.12,12/26/2017,6.25
12/27/2017,1182.26,12/27/2017,41.72,12/27/2017,107.64,12/27/2017,6.24
12/28/2017,1186.1,12/28/2017,41.87,12/28/2017,107.77,12/28/2017,6.28
12/29/2017,1169.47,12/29/2017,42.03,12/29/2017,107.51,12/29/2017,6.17
1/2/2018,1189.01,1/2/2018,42.38,1/2/2018,111.8,1/2/2018,6.11
1/3/2018,1204.2,1/3/2018,42.87,1/3/2018,112.28,1/3/2018,6.04
1/4/2018,1209.59,1/4/2018,43.04,1/4/2018,112.23,1/4/2018,6.08
1/5/2018,1229.14,1/5/2018,43.1,1/5/2018,111.62,1/5/2018,6.13
1/8/2018,1246.87,1/8/2018,43.08,1/8/2018,110.02,1/8/2018,6.16
1/9/2018,1252.7,1/9/2018,42.87,1/9/2018,109.94,1/9/2018,6.12
1/10/2018,1254.33,1/10/2018,42.9,1/10/2018,109.47,1/10/2018,6.1
1/11/2018,1276.68,1/11/2018,43.27,1/11/2018,110.99,1/11/2018,6.14
1/12/2018,1305.2,1/12/2018,43.91,1/12/2018,112.47,1/12/2018,6.07
1/16/2018,1304.86,1/16/2018,42.46,1/16/2018,110.69,1/16/2018,6.02
1/17/2018,1295,1/17/2018,42.88,1/17/2018,111.97,1/17/2018,6.06
1/18/2018,1293.32,1/18/2018,42.9,1/18/2018,110.42,1/18/2018,6.01
1/19/2018,1294.58,1/19/2018,42.4,1/19/2018,110.59,1/19/2018,6.04
1/22/2018,1327.31,1/22/2018,43.39,1/22/2018,111.1,1/22/2018,6.02
1/23/2018,1362.54,1/23/2018,43.24,1/23/2018,110.41,1/23/2018,6.08
1/24/2018,1357.51,1/24/2018,43.94,1/24/2018,110.5,1/24/2018,6.07
1/25/2018,1377.95,1/25/2018,43.74,1/25/2018,110.55,1/25/2018,6.03
1/26/2018,1402.05,1/26/2018,43.81,1/26/2018,112.19,1/26/2018,6.01
1/29/2018,1417.68,1/29/2018,43.35,1/29/2018,111.54,1/29/2018,5.87
1/30/2018,1437.82,1/30/2018,42.81,1/30/2018,110.11,1/30/2018,5.83
1/31/2018,1450.89,1/31/2018,42.79,1/31/2018,108.67,1/31/2018,5.7
2/1/2018,1390,2/1/2018,43.36,2/1/2018,110.49,2/1/2018,5.63
2/2/2018,1429.95,2/2/2018,41.16,2/2/2018,108.7,2/2/2018,5.54
2/5/2018,1390,2/5/2018,39.78,2/5/2018,104.7,2/5/2018,5.5
2/6/2018,1442.84,2/6/2018,40.57,2/6/2018,106.17,2/6/2018,5.48
2/7/2018,1416.78,2/7/2018,40,2/7/2018,104.76,2/7/2018,5.52
2/8/2018,1350.5,2/8/2018,39.55,2/8/2018,101.35,2/8/2018,5.46
2/9/2018,1339.6,2/9/2018,39.11,2/9/2018,103.09,2/9/2018,5.45
2/12/2018,1386.23,2/12/2018,39.87,2/12/2018,103.39,2/12/2018,5.52
2/13/2018,1414.51,2/13/2018,39.69,2/13/2018,104.12,2/13/2018,5.57
2/14/2018,1451.05,2/14/2018,40.37,2/14/2018,104.6,2/14/2018,5.6
2/15/2018,1461.76,2/15/2018,39.84,2/15/2018,105.18,2/15/2018,5.71
2/16/2018,1448.69,2/16/2018,39.62,2/16/2018,106.53,2/16/2018,5.72
2/20/2018,1468.35,2/20/2018,39.52,2/20/2018,105.98,2/20/2018,5.54
2/21/2018,1482.92,2/21/2018,38.84,2/21/2018,105.05,2/21/2018,5.66
2/22/2018,1485.34,2/22/2018,39.25,2/22/2018,105.24,2/22/2018,5.65
2/23/2018,1500,2/23/2018,40.1,2/23/2018,107.25,2/23/2018,5.7
2/26/2018,1521.95,2/26/2018,40.29,2/26/2018,109.81,2/26/2018,5.76
2/27/2018,1511.98,2/27/2018,39.5,2/27/2018,104.87,2/27/2018,5.64
2/28/2018,1512.45,2/28/2018,38.86,2/28/2018,103.16,2/28/2018,5.51
3/1/2018,1493.45,3/1/2018,38.94,3/1/2018,102.57,3/1/2018,5.53
3/2/2018,1500.25,3/2/2018,38.7,3/2/2018,102.99,3/2/2018,5.64
3/5/2018,1523.61,3/5/2018,39.16,3/5/2018,103.41,3/5/2018,6.01
3/6/2018,1537.64,3/6/2018,39.55,3/6/2018,104.94,3/6/2018,6.05
3/7/2018,1545,3/7/2018,39.31,3/7/2018,103.59,3/7/2018,6.02
3/8/2018,1551.86,3/8/2018,39.46,3/8/2018,104.03,3/8/2018,5.97
3/9/2018,1578.89,3/9/2018,39.66,3/9/2018,104.73,3/9/2018,6
3/12/2018,1598.39,3/12/2018,39.85,3/12/2018,105.17,3/12/2018,6.05
3/13/2018,1588.18,3/13/2018,39.55,3/13/2018,103.73,3/13/2018,6.05
3/14/2018,1591,3/14/2018,38.87,3/14/2018,103.9,3/14/2018,6.06
3/15/2018,1582.32,3/15/2018,39.03,3/15/2018,103.24,3/15/2018,5.98
3/16/2018,1571.68,3/16/2018,39.48,3/16/2018,102.87,3/16/2018,6
3/19/2018,1544.93,3/19/2018,38.75,3/19/2018,101.48,3/19/2018,5.96
3/20/2018,1586.51,3/20/2018,39.04,3/20/2018,101.35,3/20/2018,5.94
3/21/2018,1581.86,3/21/2018,40.13,3/21/2018,101.82,3/21/2018,5.95
3/22/2018,1544.92,3/22/2018,39.03,3/22/2018,100.6,3/22/2018,5.95
3/23/2018,1495.56,3/23/2018,39.12,3/23/2018,98.54,3/23/2018,5.92
3/26/2018,1555.86,3/26/2018,40.42,3/26/2018,100.65,3/26/2018,5.99
3/27/2018,1497.05,3/27/2018,39.97,3/27/2018,99.36,3/27/2018,5.99
3/28/2018,1431.42,3/28/2018,39.6,3/28/2018,98.54,3/28/2018,5.88
3/29/2018,1447.34,3/29/2018,40.54,3/29/2018,100.44,3/29/2018,5.93
4/2/2018,1371.99,4/2/2018,39.91,4/2/2018,98.66,4/2/2018,5.83
4/3/2018,1392.05,4/3/2018,40.71,4/3/2018,99.42,4/3/2018,5.89
4/4/2018,1410.57,4/4/2018,41.03,4/4/2018,100.95,4/4/2018,5.95
4/5/2018,1451.75,4/5/2018,41.92,4/5/2018,102.11,4/5/2018,5.94
4/6/2018,1405.23,4/6/2018,41.76,4/6/2018,100.35,4/6/2018,5.95
4/9/2018,1406.08,4/9/2018,41.66,4/9/2018,99.7,4/9/2018,5.92
4/10/2018,1436.22,4/10/2018,42.78,4/10/2018,101.37,4/10/2018,5.95
4/11/2018,1427.05,4/11/2018,43.06,4/11/2018,100.8,4/11/2018,5.96
4/12/2018,1448.5,4/12/2018,43.06,4/12/2018,100.39,4/12/2018,5.93
4/13/2018,1430.79,4/13/2018,42.96,4/13/2018,100.35,4/13/2018,5.92
4/16/2018,1441.5,4/16/2018,42.72,4/16/2018,100.24,4/16/2018,5.96
4/17/2018,1503.83,4/17/2018,42.65,4/17/2018,102.17,4/17/2018,6.03
4/18/2018,1527.84,4/18/2018,43.53,4/18/2018,101.21,4/18/2018,6.04
4/19/2018,1556.91,4/19/2018,43.67,4/19/2018,100.89,4/19/2018,6.03
4/20/2018,1527.49,4/20/2018,43.5,4/20/2018,100.24,4/20/2018,6.02
4/23/2018,1517.86,4/23/2018,43.91,4/23/2018,100.15,4/23/2018,6
4/24/2018,1460.09,4/24/2018,44.24,4/24/2018,99.46,4/24/2018,6.03
4/25/2018,1460.17,4/25/2018,44.17,4/25/2018,101.15,4/25/2018,6.01
4/26/2018,1517.96,4/26/2018,44.85,4/26/2018,99.84,4/26/2018,6.05
4/27/2018,1572.62,4/27/2018,44.22,4/27/2018,99.23,4/27/2018,6.09
4/30/2018,1566.13,4/30/2018,44.59,4/30/2018,100.33,4/30/2018,6.06
5/1/2018,1582.26,5/1/2018,44.8,5/1/2018,100.06,5/1/2018,6.06
5/2/2018,1569.68,5/2/2018,44.7,5/2/2018,99.62,5/2/2018,5.99
5/3/2018,1572.08,5/3/2018,44.73,5/3/2018,98.76,5/3/2018,6.02
5/4/2018,1580.95,5/4/2018,45.34,5/4/2018,101.15,5/4/2018,6.18
5/7/2018,1600.14,5/7/2018,45.69,5/7/2018,102.48,5/7/2018,6.22
5/8/2018,1592.39,5/8/2018,45.33,5/8/2018,101.79,5/8/2018,6.18
5/9/2018,1608,5/9/2018,46.78,5/9/2018,99.97,5/9/2018,6.12
5/10/2018,1609.08,5/10/2018,45.88,5/10/2018,101.68,5/10/2018,6.15
5/11/2018,1602.91,5/11/2018,45.83,5/11/2018,102.07,5/11/2018,6.13
5/14/2018,1601.54,5/14/2018,46.4,5/14/2018,102.44,5/14/2018,6.1
5/15/2018,1576.12,5/15/2018,46.79,5/15/2018,102.92,5/15/2018,6.13
5/16/2018,1587.28,5/16/2018,46.71,5/16/2018,105.04,5/16/2018,6.17
5/17/2018,1581.76,5/17/2018,47.19,5/17/2018,104.34,5/17/2018,6.16
5/18/2018,1574.37,5/18/2018,47.38,5/18/2018,103.93,5/18/2018,6.19
5/21/2018,1585.46,5/21/2018,47.79,5/21/2018,104.06,5/21/2018,6.22
5/22/2018,1581.4,5/22/2018,47.09,5/22/2018,104.07,5/22/2018,6.23
5/23/2018,1601.86,5/23/2018,46.45,5/23/2018,102.89,5/23/2018,6.22
5/24/2018,1603.07,5/24/2018,45.75,5/24/2018,102.11,5/24/2018,6.2
5/25/2018,1610.15,5/25/2018,44.35,5/25/2018,102.2,5/25/2018,6.15
5/29/2018,1612.87,5/29/2018,44.54,5/29/2018,99.69,5/29/2018,6.17
5/30/2018,1624.89,5/30/2018,45.71,5/30/2018,99.98,5/30/2018,6.21
5/31/2018,1629.62,5/31/2018,45.82,5/31/2018,99.47,5/31/2018,6.16
6/1/2018,1641.54,6/1/2018,45.92,6/1/2018,99.36,6/1/2018,6.14
6/4/2018,1665.27,6/4/2018,45.96,6/4/2018,100.24,6/4/2018,6.19
6/5/2018,1696.35,6/5/2018,46.29,6/5/2018,99.94,6/5/2018,6.16
6/6/2018,1695.75,6/6/2018,46.28,6/6/2018,101.91,6/6/2018,6.15
6/7/2018,1689.3,6/7/2018,47.2,6/7/2018,102.47,6/7/2018,6.16
6/8/2018,1683.99,6/8/2018,47.04,6/8/2018,103.98,6/8/2018,6.14
6/11/2018,1689.12,6/11/2018,47.12,6/11/2018,104.35,6/11/2018,6.16
6/12/2018,1698.75,6/12/2018,46.12,6/12/2018,104.33,6/12/2018,6.13
6/13/2018,1704.86,6/13/2018,46.01,6/13/2018,106.31,6/13/2018,6.11
6/14/2018,1723.86,6/14/2018,46.44,6/14/2018,108.75,6/14/2018,6.16
6/15/2018,1715.97,6/15/2018,45.13,6/15/2018,108.85,6/15/2018,6.14
6/18/2018,1723.79,6/18/2018,45.35,6/18/2018,107.06,6/18/2018,6.17
6/19/2018,1734.78,6/19/2018,45.15,6/19/2018,106.1,6/19/2018,6.21
6/20/2018,1750.08,6/20/2018,44.76,6/20/2018,107.15,6/20/2018,6.22
6/21/2018,1730.22,6/21/2018,44.16,6/21/2018,105.89,6/21/2018,6.22
6/22/2018,1715.67,6/22/2018,45.78,6/22/2018,106.34,6/22/2018,6.22
6/25/2018,1663.15,6/25/2018,44.24,6/25/2018,104.45,6/25/2018,6.19
6/26/2018,1691.09,6/26/2018,44.89,6/26/2018,104.26,6/26/2018,6.16
6/27/2018,1660.51,6/27/2018,45.44,6/27/2018,103.96,6/27/2018,5.9
6/28/2018,1701.45,6/28/2018,45.67,6/28/2018,104.77,6/28/2018,5.97
6/29/2018,1699.8,6/29/2018,45.66,6/29/2018,104.81,6/29/2018,6.01
7/2/2018,1713.78,7/2/2018,45.2,7/2/2018,105.33,7/2/2018,6.05
7/3/2018,1693.96,7/3/2018,45.9,7/3/2018,104.04,7/3/2018,6.11
7/5/2018,1699.73,7/5/2018,46,7/5/2018,105.34,7/5/2018,6.14
7/6/2018,1710.63,7/6/2018,45.94,7/6/2018,104.78,7/6/2018,6.12
7/9/2018,1739.02,7/9/2018,46.6,7/9/2018,106.02,7/9/2018,6.13
7/10/2018,1743.07,7/10/2018,47.05,7/10/2018,106.03,7/10/2018,6.1
7/11/2018,1755,7/11/2018,45.14,7/11/2018,108.04,7/11/2018,6.11
7/12/2018,1796.62,7/12/2018,45.35,7/12/2018,108.25,7/12/2018,6.11
7/13/2018,1813.03,7/13/2018,45.37,7/13/2018,110,7/13/2018,6.14
7/16/2018,1822.49,7/16/2018,44.62,7/16/2018,110.2,7/16/2018,6.14
7/17/2018,1843.93,7/17/2018,44.43,7/17/2018,110.3,7/17/2018,6.12
7/18/2018,1842.92,7/18/2018,44.25,7/18/2018,110.69,7/18/2018,6.11
7/19/2018,1812.97,7/19/2018,44.44,7/19/2018,112.13,7/19/2018,6.11
7/20/2018,1813.7,7/20/2018,44.54,7/20/2018,111.48,7/20/2018,6.14
7/23/2018,1802,7/23/2018,44.25,7/23/2018,111.09,7/23/2018,6.13
7/24/2018,1829.24,7/24/2018,44.82,7/24/2018,110.7,7/24/2018,6.14
7/25/2018,1863.61,7/25/2018,45.04,7/25/2018,111.18,7/25/2018,6.13
7/26/2018,1808,7/26/2018,44.53,7/26/2018,113.51,7/26/2018,6.13
7/27/2018,1817.27,7/27/2018,44.51,7/27/2018,112.62,7/27/2018,6.12
7/30/2018,1779.22,7/30/2018,44.41,7/30/2018,112.63,7/30/2018,6.17
7/31/2018,1777.44,7/31/2018,45.09,7/31/2018,113.56,7/31/2018,6.21
8/1/2018,1797.17,8/1/2018,44.53,8/1/2018,112.97,8/1/2018,6.17
8/2/2018,1834.33,8/2/2018,43.77,8/2/2018,112.75,8/2/2018,6.23
8/3/2018,1823.29,8/3/2018,43.97,8/3/2018,114.09,8/3/2018,6.38
8/6/2018,1847.75,8/6/2018,44.13,8/6/2018,115.94,8/6/2018,6.4
8/7/2018,1862.48,8/7/2018,44.72,8/7/2018,116.56,8/7/2018,6.28
8/8/2018,1886.52,8/8/2018,44.63,8/8/2018,113.98,8/8/2018,6.33
8/9/2018,1898.52,8/9/2018,43.53,8/9/2018,114.16,8/9/2018,6.32
8/10/2018,1886.3,8/10/2018,42.99,8/10/2018,112.68,8/10/2018,6.26
8/13/2018,1896.2,8/13/2018,42.68,8/13/2018,112.12,8/13/2018,6.22
8/14/2018,1919.65,8/14/2018,42.61,8/14/2018,112.75,8/14/2018,6.22
8/15/2018,1882.62,8/15/2018,41.53,8/15/2018,112.85,8/15/2018,6.26
8/16/2018,1886.52,8/16/2018,41.72,8/16/2018,112.48,8/16/2018,6.28
8/17/2018,1882.22,8/17/2018,41.91,8/17/2018,112.48,8/17/2018,6.31
8/20/2018,1876.71,8/20/2018,42.38,8/20/2018,111.99,8/20/2018,6.37
8/21/2018,1883.42,8/21/2018,42.46,8/21/2018,112.39,8/21/2018,6.4
8/22/2018,1904.9,8/22/2018,42.98,8/22/2018,111.94,8/22/2018,6.36
8/23/2018,1902.9,8/23/2018,42.94,8/23/2018,112,8/23/2018,6.33
8/24/2018,1905.39,8/24/2018,43.42,8/24/2018,111.93,8/24/2018,6.35
8/27/2018,1927.68,8/27/2018,43.87,8/27/2018,112.33,8/27/2018,6.39
8/28/2018,1932.82,8/28/2018,43.26,8/28/2018,112.58,8/28/2018,6.38
8/29/2018,1998.1,8/29/2018,43.39,8/29/2018,112.45,8/29/2018,6.37
8/30/2018,2002.38,8/30/2018,43.58,8/30/2018,111.92,8/30/2018,6.41
8/31/2018,2012.71,8/31/2018,42.88,8/31/2018,112.02,8/31/2018,6.4
9/4/2018,2039.51,9/4/2018,42.72,9/4/2018,110.85,9/4/2018,6.37
9/5/2018,1994.82,9/5/2018,42.78,9/5/2018,109.87,9/5/2018,6.4
9/6/2018,1958.31,9/6/2018,42.21,9/6/2018,110.26,9/6/2018,6.48
9/7/2018,1952.07,9/7/2018,42.03,9/7/2018,110.97,9/7/2018,6.44
9/10/2018,1939.01,9/10/2018,42.09,9/10/2018,110.68,9/10/2018,6.42
9/11/2018,1987.15,9/11/2018,42.65,9/11/2018,109.6,9/11/2018,6.4
9/12/2018,1990,9/12/2018,43.11,9/12/2018,109.46,9/12/2018,6.34
9/13/2018,1989.87,9/13/2018,43.42,9/13/2018,110.67,9/13/2018,6.31
9/14/2018,1970.19,9/14/2018,43.26,9/14/2018,109.26,9/14/2018,6.29
9/17/2018,1908.03,9/17/2018,43.24,9/17/2018,109.36,9/17/2018,6.3
9/18/2018,1941.05,9/18/2018,43.56,9/18/2018,109.53,9/18/2018,6.3
9/19/2018,1926.42,9/19/2018,43.98,9/19/2018,109.79,9/19/2018,6.24
9/20/2018,1944.3,9/20/2018,44.57,9/20/2018,111.62,9/20/2018,6.27
9/21/2018,1915.01,9/21/2018,44.67,9/21/2018,110.4,9/21/2018,6.31
9/24/2018,1934.36,9/24/2018,45.22,9/24/2018,112.77,9/24/2018,6.27
9/25/2018,1974.55,9/25/2018,46.32,9/25/2018,113.63,9/25/2018,6.29
9/26/2018,1974.85,9/26/2018,46.26,9/26/2018,115.21,9/26/2018,6.06
9/27/2018,2012.98,9/27/2018,46.87,9/27/2018,116.04,9/27/2018,6.14
9/28/2018,2003,9/28/2018,46.1,9/28/2018,116.94,9/28/2018,6.08
10/1/2018,2004.36,10/1/2018,46.77,10/1/2018,116.24,10/1/2018,6.04
10/2/2018,1971.31,10/2/2018,46.81,10/2/2018,117.66,10/2/2018,6.06
10/3/2018,1952.76,10/3/2018,46.99,10/3/2018,116.91,10/3/2018,6.02
10/4/2018,1909.42,10/4/2018,46.77,10/4/2018,116.13,10/4/2018,5.96
10/5/2018,1889.65,10/5/2018,46.5,10/5/2018,114.78,10/5/2018,5.92
10/8/2018,1864.42,10/8/2018,45.81,10/8/2018,116.02,10/8/2018,6
10/9/2018,1870.32,10/9/2018,46.01,10/9/2018,116.89,10/9/2018,6.06
10/10/2018,1755.25,10/10/2018,45.15,10/10/2018,112.86,10/10/2018,5.99
10/11/2018,1719.36,10/11/2018,44.13,10/11/2018,111.15,10/11/2018,5.9
10/12/2018,1788.61,10/12/2018,44.55,10/12/2018,112.61,10/12/2018,5.83
10/15/2018,1760.95,10/15/2018,44.5,10/15/2018,113.44,10/15/2018,5.89
10/16/2018,1819.96,10/16/2018,44.7,10/16/2018,116.19,10/16/2018,5.97
10/17/2018,1831.73,10/17/2018,44.35,10/17/2018,117.13,10/17/2018,5.99
10/18/2018,1770.72,10/18/2018,43.86,10/18/2018,116.18,10/18/2018,5.96
10/19/2018,1764.03,10/19/2018,44,10/19/2018,118.9,10/19/2018,5.95
10/22/2018,1789.3,10/22/2018,43.14,10/22/2018,118.27,10/22/2018,5.94
10/23/2018,1768.7,10/23/2018,42.3,10/23/2018,117.85,10/23/2018,5.91
10/24/2018,1664.2,10/24/2018,40.99,10/24/2018,111.61,10/24/2018,6
10/25/2018,1782.17,10/25/2018,41.59,10/25/2018,114.16,10/25/2018,6.11
10/26/2018,1642.81,10/26/2018,41.1,10/26/2018,113.19,10/26/2018,6.04
10/29/2018,1538.88,10/29/2018,41.03,10/29/2018,113.04,10/29/2018,6.01
10/30/2018,1530.42,10/30/2018,42.21,10/30/2018,114.76,10/30/2018,6.09
10/31/2018,1598.01,10/31/2018,43.37,10/31/2018,114.83,10/31/2018,6.14
11/1/2018,1665.53,11/1/2018,42.65,11/1/2018,116.1,11/1/2018,6.23
11/2/2018,1665.53,11/2/2018,41.6,11/2/2018,115.18,11/2/2018,6.29
11/5/2018,1627.8,11/5/2018,42.61,11/5/2018,115.45,11/5/2018,6.3
11/6/2018,1642.81,11/6/2018,42.66,11/6/2018,116.71,11/6/2018,6.31
11/7/2018,1755.49,11/7/2018,43.11,11/7/2018,117.05,11/7/2018,6.29
11/8/2018,1754.91,11/8/2018,41.27,11/8/2018,116,11/8/2018,6.07
11/9/2018,1712.43,11/9/2018,41.24,11/9/2018,118,11/9/2018,6.09
11/12/2018,1636.85,11/12/2018,40.87,11/12/2018,116.7,11/12/2018,6.11
11/13/2018,1631.17,11/13/2018,39.81,11/13/2018,116.85,11/13/2018,6.12
11/14/2018,1599.01,11/14/2018,40.33,11/14/2018,117.12,11/14/2018,6.11
11/15/2018,1619.44,11/15/2018,41.16,11/15/2018,117.11,11/15/2018,6.06
11/16/2018,1593.41,11/16/2018,40.84,11/16/2018,116.19,11/16/2018,6.12
11/19/2018,1512.29,11/19/2018,40.92,11/19/2018,115.42,11/19/2018,6.08
11/20/2018,1495.46,11/20/2018,40.1,11/20/2018,111.87,11/20/2018,5.97
11/21/2018,1516.73,11/21/2018,41.27,11/21/2018,113.03,11/21/2018,6.01
11/23/2018,1502.06,11/23/2018,39.89,11/23/2018,112.08,11/23/2018,6.06
11/26/2018,1581.33,11/26/2018,40.53,11/26/2018,112.55,11/26/2018,6.11
11/27/2018,1581.42,11/27/2018,40.32,11/27/2018,113.9,11/27/2018,6.1
11/28/2018,1677.75,11/28/2018,40.84,11/28/2018,116.1,11/28/2018,6.13
11/29/2018,1673.57,11/29/2018,40.48,11/29/2018,116.61,11/29/2018,6.21
11/30/2018,1690.17,11/30/2018,40.35,11/30/2018,115.49,11/30/2018,6.2
12/3/2018,1772.36,12/3/2018,41.19,12/3/2018,115.74,12/3/2018,6.2
12/4/2018,1668.4,12/4/2018,40.95,12/4/2018,112.87,12/4/2018,6.1
12/6/2018,1699.19,12/6/2018,39.59,12/6/2018,114.33,12/6/2018,6.18
12/7/2018,1629.13,12/7/2018,39.51,12/7/2018,111.98,12/7/2018,6.19
12/10/2018,1641.03,12/10/2018,39.37,12/10/2018,111.86,12/10/2018,6.21
12/11/2018,1643.24,12/11/2018,39.08,12/11/2018,111.97,12/11/2018,6.23
12/12/2018,1663.54,12/12/2018,39.05,12/12/2018,112.21,12/12/2018,6.18
12/13/2018,1658.38,12/13/2018,39.29,12/13/2018,113.39,12/13/2018,6.04
12/14/2018,1591.91,12/14/2018,38.66,12/14/2018,112.2,12/14/2018,6.06
12/17/2018,1520.91,12/17/2018,38.41,12/17/2018,110.62,12/17/2018,5.96
12/18/2018,1551.48,12/18/2018,37.82,12/18/2018,109.45,12/18/2018,5.99
12/19/2018,1495.08,12/19/2018,37.65,12/19/2018,109.22,12/19/2018,5.96
12/20/2018,1460.83,12/20/2018,37.26,12/20/2018,107,12/20/2018,5.8
12/21/2018,1377.45,12/21/2018,37.67,12/21/2018,104.22,12/21/2018,5.81
12/24/2018,1343.96,12/24/2018,36.65,12/24/2018,100.35,12/24/2018,5.62
12/26/2018,1470.9,12/26/2018,38.06,12/26/2018,105.83,12/26/2018,5.88
12/27/2018,1461.64,12/27/2018,37.73,12/27/2018,106.52,12/27/2018,5.92
12/28/2018,1478.02,12/28/2018,38.13,12/28/2018,107.3,12/28/2018,5.98
12/31/2018,1501.97,12/31/2018,37.92,12/31/2018,109.65,12/31/2018,5.89
1/2/2019,1539.13,1/2/2019,38.59,1/2/2019,108.97,1/2/2019,6
1/3/2019,1500.28,1/3/2019,38.81,1/3/2019,106.33,1/3/2019,5.99
1/4/2019,1575.39,1/4/2019,40.03,1/4/2019,109.61,1/4/2019,6.11
1/7/2019,1629.51,1/7/2019,40.16,1/7/2019,110.56,1/7/2019,6.18
1/8/2019,1656.58,1/8/2019,40.03,1/8/2019,111.42,1/8/2019,6.12
1/9/2019,1659.42,1/9/2019,40.36,1/9/2019,112.67,1/9/2019,6.1
1/10/2019,1656.22,1/10/2019,40.7,1/10/2019,112.8,1/10/2019,6.13
1/11/2019,1640.56,1/11/2019,40.24,1/11/2019,112.65,1/11/2019,6.18
1/14/2019,1617.21,1/14/2019,40.42,1/14/2019,112.42,1/14/2019,6.18
1/15/2019,1674.56,1/15/2019,40.24,1/15/2019,111.76,1/15/2019,6.1
1/16/2019,1683.78,1/16/2019,40.12,1/16/2019,110.91,1/16/2019,6.14
1/17/2019,1693.22,1/17/2019,40.13,1/17/2019,111.01,1/17/2019,6.16
1/18/2019,1696.2,1/18/2019,40.76,1/18/2019,111.04,1/18/2019,6.08
1/22/2019,1632.17,1/22/2019,40.08,1/22/2019,110.6,1/22/2019,6.07
1/23/2019,1640.02,1/23/2019,40.12,1/23/2019,111.12,1/23/2019,6.17
1/24/2019,1654.93,1/24/2019,40.11,1/24/2019,110.55,1/24/2019,6.19
1/25/2019,1670.57,1/25/2019,40.11,1/25/2019,111.09,1/25/2019,6.2
1/28/2019,1637.89,1/28/2019,39.57,1/28/2019,110.81,1/28/2019,6.21
1/29/2019,1593.88,1/29/2019,40.2,1/29/2019,110.9,1/29/2019,6.2
1/30/2019,1670.43,1/30/2019,40.67,1/30/2019,110.13,1/30/2019,6.23
1/31/2019,1718.73,1/31/2019,41.12,1/31/2019,111.52,1/31/2019,6.28
2/1/2019,1626.23,2/1/2019,41.34,2/1/2019,111.3,2/1/2019,6.32
2/4/2019,1633.31,2/4/2019,41.39,2/4/2019,111.8,2/4/2019,6.31
2/5/2019,1658.81,2/5/2019,42.82,2/5/2019,112.66,2/5/2019,6.35
2/6/2019,1640.26,2/6/2019,43.04,2/6/2019,111.41,2/6/2019,6.32
2/7/2019,1614.37,2/7/2019,42.7,2/7/2019,110.95,2/7/2019,6.32
2/8/2019,1588.22,2/8/2019,42.49,2/8/2019,111.51,2/8/2019,6.34
2/11/2019,1591,2/11/2019,42.21,2/11/2019,109.44,2/11/2019,6.33
2/12/2019,1638.01,2/12/2019,42.42,2/12/2019,109.2,2/12/2019,6.35
2/13/2019,1640,2/13/2019,42.64,2/13/2019,110.2,2/13/2019,6.33
2/14/2019,1622.65,2/14/2019,41.87,2/14/2019,110.66,2/14/2019,6.3
2/15/2019,1607.95,2/15/2019,42.29,2/15/2019,112.59,2/15/2019,6.31
2/19/2019,1627.58,2/19/2019,42.38,2/19/2019,113.51,2/19/2019,6.3
2/20/2019,1622.1,2/20/2019,42.48,2/20/2019,113.68,2/20/2019,6.28
2/21/2019,1619.44,2/21/2019,42.29,2/21/2019,114.29,2/21/2019,6.25
2/22/2019,1631.56,2/22/2019,42.46,2/22/2019,115.25,2/22/2019,6.16
2/25/2019,1633,2/25/2019,42.51,2/25/2019,113.59,2/25/2019,6.16
2/26/2019,1636.4,2/26/2019,42.52,2/26/2019,113.5,2/26/2019,6.16
2/27/2019,1641.09,2/27/2019,42.84,2/27/2019,112.78,2/27/2019,6
2/28/2019,1639.83,2/28/2019,42.65,2/28/2019,112.84,2/28/2019,6
3/1/2019,1671.73,3/1/2019,42.58,3/1/2019,114.01,3/1/2019,5.99
3/4/2019,1696.17,3/4/2019,42.64,3/4/2019,114.33,3/4/2019,5.98
3/5/2019,1692.43,3/5/2019,42.74,3/5/2019,114,3/5/2019,5.96
3/6/2019,1668.95,3/6/2019,42.7,3/6/2019,114.85,3/6/2019,5.92
3/7/2019,1625.95,3/7/2019,42.63,3/7/2019,114.01,3/7/2019,5.9
3/8/2019,1620.8,3/8/2019,42.25,3/8/2019,113.81,3/8/2019,5.94
3/11/2019,1670.62,3/11/2019,42.33,3/11/2019,114.75,3/11/2019,5.99
3/12/2019,1673.1,3/12/2019,42.46,3/12/2019,114.73,3/12/2019,5.99
3/13/2019,1690.81,3/13/2019,43.83,3/13/2019,114.09,3/13/2019,5.99
3/14/2019,1686.22,3/14/2019,43.95,3/14/2019,114.48,3/14/2019,6
3/15/2019,1712.36,3/15/2019,43.87,3/15/2019,114.96,3/15/2019,6.02
3/18/2019,1742.15,3/18/2019,44.24,3/18/2019,113.12,3/18/2019,6.07
3/19/2019,1761.85,3/19/2019,44.47,3/19/2019,110,3/19/2019,6.05
3/20/2019,1797.27,3/20/2019,44.53,3/20/2019,109.99,3/20/2019,6.08
3/21/2019,1819.26,3/21/2019,44.53,3/21/2019,108.66,3/21/2019,6.16
3/22/2019,1764.77,3/22/2019,43.95,3/22/2019,108.23,3/22/2019,6.09
3/25/2019,1774.26,3/25/2019,43.53,3/25/2019,107.79,3/25/2019,6.17
3/26/2019,1783.76,3/26/2019,43.82,3/26/2019,110.14,3/26/2019,6.19
3/27/2019,1765.7,3/27/2019,43.59,3/27/2019,110.28,3/27/2019,6.25
3/28/2019,1773.42,3/28/2019,43.63,3/28/2019,110.71,3/28/2019,6.08
3/29/2019,1780.75,3/29/2019,43.72,3/29/2019,111.03,3/29/2019,6.09
4/1/2019,1814.19,4/1/2019,44.09,4/1/2019,112.51,4/1/2019,6.14
4/2/2019,1813.98,4/2/2019,44.23,4/2/2019,111.96,4/2/2019,6.1
4/3/2019,1820.7,4/3/2019,44.23,4/3/2019,112.52,4/3/2019,6.11
4/4/2019,1818.86,4/4/2019,44.15,4/4/2019,114.75,4/4/2019,6.13
4/5/2019,1837.28,4/5/2019,44.53,4/5/2019,115,4/5/2019,6.14
4/8/2019,1849.86,4/8/2019,45.23,4/8/2019,114.96,4/8/2019,6.13
4/9/2019,1835.84,4/9/2019,44.99,4/9/2019,116.86,4/9/2019,6.11
4/10/2019,1847.33,4/10/2019,45.04,4/10/2019,117.16,4/10/2019,6.11
4/11/2019,1844.07,4/11/2019,44.87,4/11/2019,116.6,4/11/2019,6.1
4/12/2019,1843.06,4/12/2019,44.67,4/12/2019,130.06,4/12/2019,6.1
4/15/2019,1844.87,4/15/2019,44.67,4/15/2019,132.04,4/15/2019,6.11
4/16/2019,1863.04,4/16/2019,44.48,4/16/2019,129.9,4/16/2019,6.18
4/17/2019,1864.82,4/17/2019,44.62,4/17/2019,131.75,4/17/2019,6.18
4/18/2019,1861.69,4/18/2019,44.39,4/18/2019,132.45,4/18/2019,6.19
4/22/2019,1887.31,4/22/2019,45.04,4/22/2019,131.68,4/22/2019,6.2
4/23/2019,1923.77,4/23/2019,45.02,4/23/2019,133.36,4/23/2019,6.26
4/24/2019,1901.75,4/24/2019,44.13,4/24/2019,135.1,4/24/2019,6.29
4/25/2019,1902.25,4/25/2019,43.96,4/25/2019,137.24,4/25/2019,6.24
4/26/2019,1950.63,4/26/2019,43.31,4/26/2019,139.92,4/26/2019,6.31
4/29/2019,1938.43,4/29/2019,43.02,4/29/2019,139.3,4/29/2019,6.27
4/30/2019,1926.52,4/30/2019,43.73,4/30/2019,136.97,4/30/2019,6.3
5/1/2019,1911.52,5/1/2019,43.08,5/1/2019,136.38,5/1/2019,6.24
5/2/2019,1900.82,5/2/2019,42.63,5/2/2019,134.14,5/2/2019,6.24
5/3/2019,1962.46,5/3/2019,43.08,5/3/2019,134.33,5/3/2019,6.28
5/6/2019,1950.55,5/6/2019,42.93,5/6/2019,135,5/6/2019,6.3
5/7/2019,1921,5/7/2019,42.22,5/7/2019,133.44,5/7/2019,6.27
5/8/2019,1917.77,5/8/2019,42.28,5/8/2019,134.99,5/8/2019,6.24
5/9/2019,1899.87,5/9/2019,41.65,5/9/2019,133.59,5/9/2019,6.03
5/10/2019,1889.98,5/10/2019,41.5,5/10/2019,134.04,5/10/2019,6.07
5/13/2019,1822.68,5/13/2019,41.23,5/13/2019,131.34,5/13/2019,6.04
5/14/2019,1840.12,5/14/2019,41.55,5/14/2019,133.2,5/14/2019,6.06
5/15/2019,1871.15,5/15/2019,41.77,5/15/2019,134.68,5/15/2019,6.06
5/16/2019,1907.57,5/16/2019,42.28,5/16/2019,135.5,5/16/2019,6.07
5/17/2019,1869,5/17/2019,42.34,5/17/2019,135.04,5/17/2019,6.05
5/20/2019,1858.97,5/20/2019,42.58,5/20/2019,133.91,5/20/2019,6.06
5/21/2019,1857.52,5/21/2019,42.75,5/21/2019,134.09,5/21/2019,6.1
5/22/2019,1859.68,5/22/2019,42.34,5/22/2019,133.85,5/22/2019,6.11
5/23/2019,1815.48,5/23/2019,41.34,5/23/2019,132.73,5/23/2019,6.12
5/24/2019,1823.28,5/24/2019,41.76,5/24/2019,132.79,5/24/2019,6.18
5/28/2019,1836.43,5/28/2019,41.48,5/28/2019,132.62,5/28/2019,6.16
5/29/2019,1819.19,5/29/2019,41.27,5/29/2019,131.57,5/29/2019,6.15
5/30/2019,1816.32,5/30/2019,41.03,5/30/2019,132.2,5/30/2019,6.1
5/31/2019,1775.07,5/31/2019,40.72,5/31/2019,132.04,5/31/2019,6.04
6/3/2019,1692.69,6/3/2019,41.04,6/3/2019,132.47,6/3/2019,6.14
6/4/2019,1729.56,6/4/2019,41.36,6/4/2019,134.82,6/4/2019,6.18
6/5/2019,1738.5,6/5/2019,41.04,6/5/2019,135.94,6/5/2019,6.15
6/6/2019,1754.36,6/6/2019,41.61,6/6/2019,137.21,6/6/2019,6.18
6/7/2019,1804.03,6/7/2019,42.14,6/7/2019,138.04,6/7/2019,6.17
6/10/2019,1860.63,6/10/2019,42.08,6/10/2019,137.07,6/10/2019,6.16
6/11/2019,1863.7,6/11/2019,42.34,6/11/2019,135.08,6/11/2019,6.17
6/12/2019,1855.32,6/12/2019,41.06,6/12/2019,135.72,6/12/2019,6.25
6/13/2019,1870.3,6/13/2019,41.22,6/13/2019,141.74,6/13/2019,6.27
6/14/2019,1869.67,6/14/2019,40.91,6/14/2019,141.65,6/14/2019,6.27
6/17/2019,1886.03,6/17/2019,40.44,6/17/2019,140.97,6/17/2019,6.29
6/18/2019,1901.37,6/18/2019,41.08,6/18/2019,139.24,6/18/2019,6.31
6/19/2019,1908.79,6/19/2019,41.09,6/19/2019,140.92,6/19/2019,6.39
6/20/2019,1918.19,6/20/2019,41.81,6/20/2019,142.02,6/20/2019,6.43
6/21/2019,1911.3,6/21/2019,42.45,6/21/2019,140.23,6/21/2019,6.17
6/24/2019,1913.9,6/24/2019,42.18,6/24/2019,139.22,6/24/2019,6.17
6/25/2019,1878.27,6/25/2019,41.86,6/25/2019,139.94,6/25/2019,6.13
6/26/2019,1897.83,6/26/2019,42.08,6/26/2019,140.4,6/26/2019,6.12
6/27/2019,1904.28,6/27/2019,41.62,6/27/2019,139.3,6/27/2019,6.16
6/28/2019,1893.63,6/28/2019,41.7,6/28/2019,139.64,6/28/2019,6.2
7/1/2019,1922.19,7/1/2019,42.08,7/1/2019,141.65,7/1/2019,6.18
7/2/2019,1934.31,7/2/2019,41.86,7/2/2019,142.53,7/2/2019,6.12
7/3/2019,1939,7/3/2019,41.36,7/3/2019,142.98,7/3/2019,6.17
7/5/2019,1942.91,7/5/2019,41.03,7/5/2019,142.45,7/5/2019,6.23
7/8/2019,1952.32,7/8/2019,41.08,7/8/2019,141.02,7/8/2019,6.18
7/9/2019,1988.3,7/9/2019,40.95,7/9/2019,141.61,7/9/2019,6.16
7/10/2019,2017.41,7/10/2019,41.22,7/10/2019,143.54,7/10/2019,6.19
7/11/2019,2001.07,7/11/2019,41.28,7/11/2019,143.56,7/11/2019,6.21
7/12/2019,2011,7/12/2019,41.21,7/12/2019,144.88,7/12/2019,6.23
7/15/2019,2020.99,7/15/2019,40.69,7/15/2019,145.06,7/15/2019,6.24
7/16/2019,2009.9,7/16/2019,40.21,7/16/2019,144.3,7/16/2019,6.27
7/17/2019,1992.03,7/17/2019,39.28,7/17/2019,142.57,7/17/2019,6.26
7/18/2019,1977.9,7/18/2019,38.84,7/18/2019,141.63,7/18/2019,6.09
7/19/2019,1964.52,7/19/2019,39.23,7/19/2019,139.85,7/19/2019,6.08
7/22/2019,1985.63,7/22/2019,39.35,7/22/2019,140.84,7/22/2019,6.09
7/23/2019,1994.49,7/23/2019,39.47,7/23/2019,141.26,7/23/2019,6.09
7/24/2019,2000.81,7/24/2019,39.14,7/24/2019,141.29,7/24/2019,6.13
7/25/2019,1973.82,7/25/2019,38.99,7/25/2019,143.21,7/25/2019,6.12
7/26/2019,1943.05,7/26/2019,38.98,7/26/2019,144.65,7/26/2019,6.11
7/29/2019,1912.45,7/29/2019,39.09,7/29/2019,146.39,7/29/2019,6.1
7/30/2019,1898.53,7/30/2019,39.99,7/30/2019,144.93,7/30/2019,6.1
7/31/2019,1866.78,7/31/2019,39.74,7/31/2019,143.01,7/31/2019,6.11
8/1/2019,1855.32,8/1/2019,39,8/1/2019,141.85,8/1/2019,6.09
8/2/2019,1823.24,8/2/2019,38.48,8/2/2019,141.71,8/2/2019,6.05
8/5/2019,1765.13,8/5/2019,37.66,8/5/2019,138.3,8/5/2019,5.94
8/6/2019,1787.83,8/6/2019,37.61,8/6/2019,141.87,8/6/2019,6.1
8/7/2019,1793.4,8/7/2019,37.55,8/7/2019,134.86,8/7/2019,6.19
8/8/2019,1832.89,8/8/2019,37.18,8/8/2019,137.89,8/8/2019,6.24
8/9/2019,1807.58,8/9/2019,36.81,8/9/2019,138.52,8/9/2019,6.26
8/12/2019,1784.92,8/12/2019,36.65,8/12/2019,135.75,8/12/2019,6.21
8/13/2019,1824.34,8/13/2019,37.2,8/13/2019,137.01,8/13/2019,6.25
8/14/2019,1762.96,8/14/2019,36.26,8/14/2019,132.85,8/14/2019,6.16
8/15/2019,1776.12,8/15/2019,36.05,8/15/2019,133.41,8/15/2019,6.16
8/16/2019,1792.57,8/16/2019,36.29,8/16/2019,135.2,8/16/2019,6.24
8/19/2019,1816.12,8/19/2019,36.85,8/19/2019,135.29,8/19/2019,6.23
8/20/2019,1801.38,8/20/2019,36.45,8/20/2019,135.13,8/20/2019,6.2
8/21/2019,1823.54,8/21/2019,36.75,8/21/2019,135.76,8/21/2019,6.22
8/22/2019,1805.6,8/22/2019,36.52,8/22/2019,136.08,8/22/2019,6.21
8/23/2019,1749.62,8/23/2019,36.21,8/23/2019,131.67,8/23/2019,6.19
8/26/2019,1768.87,8/26/2019,36.3,8/26/2019,134.61,8/26/2019,6.22
8/27/2019,1761.83,8/27/2019,36.6,8/27/2019,134.49,8/27/2019,6.16
8/28/2019,1764.25,8/28/2019,36.83,8/28/2019,136.55,8/28/2019,6.16
8/29/2019,1786.4,8/29/2019,36.95,8/29/2019,137.84,8/29/2019,6.17
8/30/2019,1776.29,8/30/2019,36.95,8/30/2019,137.26,8/30/2019,6.15
9/3/2019,1789.84,9/3/2019,36.95,9/3/2019,136.31,9/3/2019,6.16
9/4/2019,1800.62,9/4/2019,37.31,9/4/2019,137.89,9/4/2019,6.21
9/5/2019,1840.72,9/5/2019,37.37,9/5/2019,138.84,9/5/2019,6.22
9/6/2019,1833.51,9/6/2019,37.45,9/6/2019,139.55,9/6/2019,6.23
9/9/2019,1831.35,9/9/2019,37.5,9/9/2019,138.83,9/9/2019,6.27
9/10/2019,1820.55,9/10/2019,37.84,9/10/2019,135.79,9/10/2019,6.28
9/11/2019,1822.99,9/11/2019,37.8,9/11/2019,136.19,9/11/2019,6.08
9/12/2019,1843.55,9/12/2019,37.67,9/12/2019,137.5,9/12/2019,6.14
9/13/2019,1839.34,9/13/2019,37.87,9/13/2019,138.02,9/13/2019,6.18
9/16/2019,1807.84,9/16/2019,39.35,9/16/2019,135.8,9/16/2019,6.13
9/17/2019,1822.55,9/17/2019,38.54,9/17/2019,136.31,9/17/2019,6.13
9/18/2019,1817.46,9/18/2019,38.59,9/18/2019,136.8,9/18/2019,5.99
9/19/2019,1821.5,9/19/2019,38.69,9/19/2019,133.3,9/19/2019,6
9/20/2019,1794.16,9/20/2019,38.99,9/20/2019,132.27,9/20/2019,5.99
9/23/2019,1785.3,9/23/2019,38.76,9/23/2019,132.46,9/23/2019,6.08
9/24/2019,1741.61,9/24/2019,38.13,9/24/2019,131.97,9/24/2019,6.04
9/25/2019,1768.33,9/25/2019,38.17,9/25/2019,133.09,9/25/2019,6.12
9/26/2019,1739.84,9/26/2019,38.25,9/26/2019,131.27,9/26/2019,6.13
9/27/2019,1725.45,9/27/2019,38.26,9/27/2019,129.96,9/27/2019,6.08
9/30/2019,1735.91,9/30/2019,37.99,9/30/2019,130.32,9/30/2019,6.09
10/1/2019,1735.65,10/1/2019,37.7,10/1/2019,129.55,10/1/2019,6.05
10/2/2019,1713.23,10/2/2019,36.59,10/2/2019,129.14,10/2/2019,6.03
10/3/2019,1724.42,10/3/2019,36.37,10/3/2019,128.15,10/3/2019,6.03
10/4/2019,1739.65,10/4/2019,36.96,10/4/2019,130.27,10/4/2019,6.05
10/7/2019,1732.66,10/7/2019,36.95,10/7/2019,130.9,10/7/2019,6.06
10/8/2019,1705.51,10/8/2019,36.85,10/8/2019,128.47,10/8/2019,6.02
10/9/2019,1721.99,10/9/2019,37.17,10/9/2019,129.33,10/9/2019,6.04
10/10/2019,1720.26,10/10/2019,37.16,10/10/2019,129.34,10/10/2019,6.05
10/11/2019,1731.92,10/11/2019,37.46,10/11/2019,130.02,10/11/2019,6.08
10/14/2019,1736.43,10/14/2019,37.42,10/14/2019,129.7,10/14/2019,6.11
10/15/2019,1767.38,10/15/2019,37.36,10/15/2019,129.76,10/15/2019,6.14
10/16/2019,1777.43,10/16/2019,37.21,10/16/2019,130.86,10/16/2019,6.16
10/17/2019,1787.48,10/17/2019,37.76,10/17/2019,132.37,10/17/2019,6.17
10/18/2019,1757.51,10/18/2019,37.48,10/18/2019,130.89,10/18/2019,6.19
10/21/2019,1785.66,10/21/2019,38.27,10/21/2019,130.26,10/21/2019,6.2
10/22/2019,1765.73,10/22/2019,38.51,10/22/2019,132.4,10/22/2019,6.22
10/23/2019,1762.17,10/23/2019,39.06,10/23/2019,131.13,10/23/2019,6.23
10/24/2019,1780.78,10/24/2019,39.21,10/24/2019,130.26,10/24/2019,6.18
10/25/2019,1761.33,10/25/2019,39.35,10/25/2019,130.9,10/25/2019,6.16
10/28/2019,1777.08,10/28/2019,39.24,10/28/2019,130.53,10/28/2019,6.2
10/29/2019,1762.71,10/29/2019,37.93,10/29/2019,129.48,10/29/2019,6.21
10/30/2019,1779.99,10/30/2019,38.46,10/30/2019,129.6,10/30/2019,6.24
10/31/2019,1776.66,10/31/2019,37.91,10/31/2019,129.92,10/31/2019,6.26
11/1/2019,1791.44,11/1/2019,38.7,11/1/2019,132.75,11/1/2019,6.24
11/4/2019,1804.66,11/4/2019,39.36,11/4/2019,132.92,11/4/2019,6.23
11/5/2019,1801.71,11/5/2019,39.83,11/5/2019,131.45,11/5/2019,6.15
11/6/2019,1795.77,11/6/2019,39.4,11/6/2019,131.27,11/6/2019,6.16
11/7/2019,1788.2,11/7/2019,39.32,11/7/2019,132.96,11/7/2019,6.15
11/8/2019,1785.88,11/8/2019,39.19,11/8/2019,137.96,11/8/2019,6.18
11/11/2019,1771.65,11/11/2019,39.15,11/11/2019,136.74,11/11/2019,6.2
11/12/2019,1778,11/12/2019,39.13,11/12/2019,138.58,11/12/2019,6.22
11/13/2019,1753.11,11/13/2019,39.21,11/13/2019,148.72,11/13/2019,6.24
11/14/2019,1754.6,11/14/2019,38.98,11/14/2019,147.15,11/14/2019,6.21
11/15/2019,1739.49,11/15/2019,39.21,11/15/2019,144.67,11/15/2019,6.23
11/18/2019,1752.53,11/18/2019,39.06,11/18/2019,147.65,11/18/2019,6.23
11/19/2019,1752.79,11/19/2019,38.65,11/19/2019,148.38,11/19/2019,6.25
11/20/2019,1745.53,11/20/2019,38.51,11/20/2019,146.93,11/20/2019,6.14
11/21/2019,1734.71,11/21/2019,38.59,11/21/2019,146.9,11/21/2019,6.07
11/22/2019,1745.72,11/22/2019,38.55,11/22/2019,148.29,11/22/2019,6.09
11/25/2019,1773.84,11/25/2019,38.63,11/25/2019,149.69,11/25/2019,6.13
11/26/2019,1796.94,11/26/2019,38.12,11/26/2019,151.64,11/26/2019,6.13
11/27/2019,1818.51,11/27/2019,37.76,11/27/2019,151.48,11/27/2019,6.2
11/29/2019,1800.8,11/29/2019,37.42,11/29/2019,151.58,11/29/2019,6.23
12/2/2019,1781.6,12/2/2019,37.31,12/2/2019,150.62,12/2/2019,6.24
12/3/2019,1769.96,12/3/2019,36.82,12/3/2019,148.58,12/3/2019,6.23
12/4/2019,1760.69,12/4/2019,37.06,12/4/2019,148.28,12/4/2019,6.26
12/5/2019,1740.48,12/5/2019,36.65,12/5/2019,147.44,12/5/2019,6.24
12/6/2019,1751.6,12/6/2019,37.09,12/6/2019,147.66,12/6/2019,6.26
12/9/2019,1749.51,12/9/2019,37.1,12/9/2019,146.21,12/9/2019,6.28
12/10/2019,1739.21,12/10/2019,37.01,12/10/2019,146.1,12/10/2019,6.26
12/11/2019,1748.72,12/11/2019,36.56,12/11/2019,147.59,12/11/2019,6.3
12/12/2019,1760.33,12/12/2019,36.96,12/12/2019,147.76,12/12/2019,6.3
12/13/2019,1760.94,12/13/2019,36.94,12/13/2019,146.38,12/13/2019,6.35
12/16/2019,1769.21,12/16/2019,37.44,12/16/2019,148.46,12/16/2019,6.38
12/17/2019,1790.66,12/17/2019,37.59,12/17/2019,147.73,12/17/2019,6.43
12/18/2019,1784.03,12/18/2019,37.65,12/18/2019,146.26,12/18/2019,6.44
12/19/2019,1792.28,12/19/2019,37.65,12/19/2019,146.15,12/19/2019,6.22
12/20/2019,1786.5,12/20/2019,37.85,12/20/2019,146.88,12/20/2019,6.26
12/23/2019,1793,12/23/2019,38.11,12/23/2019,144.68,12/23/2019,6.2
12/24/2019,1789.21,12/24/2019,38.04,12/24/2019,145.29,12/24/2019,6.24
12/26/2019,1868.77,12/26/2019,37.98,12/26/2019,145.7,12/26/2019,6.27
12/27/2019,1869.8,12/27/2019,37.86,12/27/2019,145.75,12/27/2019,6.26
12/30/2019,1846.89,12/30/2019,37.6,12/30/2019,143.77,12/30/2019,6.22
